track,seq_len,pred_len,fold,strategy,model,best_val_loss,skipped,est_train_hours,rmse,mae,tss_p_gt10,hss_p_gt10,pod_p_gt10,far_p_gt10,tss_xrs_long,hss_xrs_long,pod_xrs_long,far_xrs_long
uni_a,288,144,0,direct,dlinear,0.0524374619126319,False,,0.2408840358257293,0.139417290687561,0.8101012094108129,0.7081918833910815,0.819687339820056,0.3664210191235414,,,,
uni_a,288,144,0,direct,segrnn_thuml,0.0365634448826313,False,,0.1996789425611496,0.1152063310146331,0.801726837506998,0.8271304549516474,0.8044141302651113,0.14178096996283,,,,
uni_a,288,144,0,direct,rlinear,0.0441747084259986,False,,0.2251511812210083,0.1261626332998275,0.7855270590967192,0.7835446631750633,0.7898804469484025,0.2141779356922107,,,,
uni_a,288,144,0,direct,itransformer,0.0378332957625389,False,,0.2052455097436905,0.1172126084566116,0.7724941710015907,0.8116132927203842,0.7750533887018547,0.1403692739151949,,,,
uni_a,288,144,0,direct,tide,0.043834026902914,False,,0.2229833602905273,0.1266044825315475,0.7590884530655384,0.7774990789187888,0.7629054524561018,0.1983457806937949,,,,
uni_a,288,144,0,direct,patchmixer,0.0456513687968254,False,,0.2245208024978637,0.1332997232675552,0.7105389297435992,0.757214115981846,0.7137823113737586,0.1834782333386101,,,,
uni_a,288,144,0,direct,xpatch,0.039690114557743,False,,0.2175635993480682,0.1249166056513786,0.6723981525246919,0.7188321556822063,0.6762779245882511,0.2210042401249721,,,,
uni_a,288,144,0,direct,patchtst,0.0429694503545761,False,,0.2293009608983993,0.1285357624292373,0.6291432639834929,0.6810391157474883,0.633410865500326,0.2499154406655671,,,,
uni_a,288,144,0,direct,frets,0.0514991246163845,False,,0.2264349907636642,0.1425263285636901,0.5518890133407274,0.6722357187540524,0.5535276397931541,0.1277000350670898,,,,
uni_a,288,144,0,direct,tsmixer,0.0526731945574283,False,,0.2303532809019088,0.134224534034729,0.2498062703015535,0.3938039015556467,0.2498812661840556,0.0146247975447802,,,,
uni_b,288,144,0,direct,dlinear,0.1653327941894531,False,,0.4093784689903259,0.3219425976276397,,,,,0.1322205259262766,0.1168354549970637,0.1454473152766334,0.8851587350448399
uni_b,288,144,0,direct,itransformer,0.0494724512100219,False,,0.2332455962896347,0.1337955743074417,,,,,0.0565558837622324,0.0982948401254926,0.0575359128371336,0.5907830523513753
uni_b,288,144,0,direct,segrnn_thuml,0.0469478666782379,False,,0.2297138720750808,0.13554647564888,,,,,0.0551379691148142,0.1005216613977996,0.0555008304071984,0.3565552776689668
uni_b,288,144,0,direct,tide,0.0531579256057739,False,,0.2407199889421463,0.139903649687767,,,,,0.0481543833912977,0.0852962977332594,0.0489771306637279,0.5874239173271445
uni_b,288,144,0,direct,rlinear,0.0532455332577228,False,,0.2409126609563827,0.1402773708105087,,,,,0.045284250882533,0.0804571013507076,0.0460999451593368,0.5999503800437558
uni_b,288,144,0,direct,patchtst,0.0512031428515911,False,,0.2368913441896438,0.1368974596261978,,,,,0.0372714776909115,0.0660788311712705,0.038209127461657,0.675316930959848
uni_b,288,144,0,direct,xpatch,0.0539444983005523,False,,0.2459794282913208,0.1384157985448837,,,,,0.0207173572738826,0.039791456682756,0.0208238575078427,0.3023944275141489
uni_b,288,144,0,direct,patchmixer,0.0567884296178817,False,,0.2508860826492309,0.1396715492010116,,,,,0.0165047194063477,0.0315407568216806,0.0167225036452146,0.5246749408983451
uni_b,288,144,0,direct,frets,0.0722194910049438,False,,0.2802267074584961,0.1815077364444732,,,,,0.0018061824429298,0.0035233221204802,0.0019441145052254,0.8574151734654976
uni_b,288,144,0,direct,tsmixer,0.2248816639184951,False,,0.4967495799064636,0.3981844186782837,,,,,0.0,0.0,0.0,0.0
multi,288,144,0,direct,segrnn_thuml,0.0320791378617286,False,,0.1848730146884918,0.1074538901448249,0.7468391308819582,0.8182386319914322,0.747982527017473,0.0908976522940003,0.0246768571463596,0.0477086730224558,0.0247013238618017,0.1538831449867756
multi,288,144,0,direct,xpatch,0.0330742262303829,False,,0.189752772450447,0.1074022576212883,0.6626856829290557,0.7589021135599853,0.6638874861125139,0.1058702704908555,0.0218442123269825,0.0420562508103225,0.0219075964116746,0.3469345051265955
multi,288,144,0,direct,patchtst,0.0375266335904598,False,,0.2039672881364822,0.1162279471755027,0.6435097061076177,0.7092415719967965,0.646043328956671,0.2041487942119686,0.0182266161992134,0.0296606057694574,0.0193455096797742,0.9139395453409944
multi,288,144,0,direct,tide,0.0374936163425445,False,,0.2015293091535568,0.1166382133960723,0.6359641023156917,0.7129684174027182,0.6381426118573882,0.1825347793882191,0.0507990420781903,0.0834715881450796,0.0516769384116466,0.7572380135857021
multi,288,144,0,direct,rlinear,0.0373672693967819,False,,0.2014802098274231,0.1163829639554023,0.6310838981988555,0.7097536758692422,0.6332491667508332,0.1827738348941938,0.0474454234263433,0.07894953481619,0.048258482963878,0.7557118999395942
multi,288,144,0,direct,dlinear,0.0392802841961383,False,,0.2078756690025329,0.1274791061878204,0.6307296463208232,0.7055435396260773,0.633047166952833,0.1931931545377897,0.0590590538530788,0.1021682024909754,0.0595597422470553,0.60684829950885
multi,288,144,0,direct,itransformer,0.0395323410630226,False,,0.209738478064537,0.1212330088019371,0.6079958291641939,0.6839711012292102,0.6105014644985355,0.2116371580423228,0.0164437882030946,0.0257960784021528,0.0178222964720416,0.9342193896056792
multi,288,144,0,direct,patchmixer,0.0387377887964248,False,,0.2128814160823822,0.1185579299926757,0.4703706218745666,0.5761672896018312,0.4727300272699727,0.2461111625640757,0.0329701148716777,0.0618972923755873,0.033117603290702,0.4498600746268656
multi,288,144,0,direct,frets,0.039224799722433,False,,0.2080873996019363,0.1195140853524208,0.2420077517529703,0.3624129036491769,0.2432607817392182,0.2520108695652174,0.009984181822957,0.0195017755728602,0.0100307450407828,0.4601435587457499
multi,288,144,0,direct,tsmixer,0.6325474977493286,False,,0.8159665465354919,0.5242468118667603,0.0,0.0,0.0,0.0,0.0,0.0,0.0,0.0
uni_a,288,288,0,direct,segrnn_thuml,0.0552220307290554,False,,0.2575737535953522,0.1367132365703582,0.6251624118248538,0.7008665999302367,0.6281489521487305,0.1942932495829091,,,,
uni_a,288,288,0,direct,itransformer,0.0577376447618007,False,,0.263773500919342,0.1396694779396057,0.5629642516916316,0.634472311099265,0.5669684004415492,0.2637317369945233,,,,
uni_a,288,288,0,direct,dlinear,0.0877111628651619,False,,0.3149469196796417,0.173916295170784,0.5511102347888353,0.499022386990819,0.5639071116045523,0.5350976969483094,,,,
uni_a,288,288,0,direct,xpatch,0.0625018775463104,False,,0.2697480618953705,0.1494307518005371,0.5455887390064385,0.6142653289560073,0.5499644250974727,0.2875158232809769,,,,
uni_a,288,288,0,direct,patchmixer,0.0659412071108818,False,,0.2848089635372162,0.1514997631311416,0.5171583839147781,0.5820066849640194,0.522098798224376,0.3242962733359603,,,,
uni_a,288,288,0,direct,patchtst,0.0626812726259231,False,,0.2782619893550873,0.1431878209114074,0.5028230312717339,0.5664882048297528,0.5080026013948419,0.3408622634726085,,,,
uni_a,288,288,0,direct,tsmixer,0.0764143317937851,False,,0.2747614681720733,0.1465586125850677,0.4532344387108131,0.5131579902799775,0.4591996952724553,0.397181534561029,,,,
uni_a,288,288,0,direct,rlinear,0.1222104355692863,False,,0.3845588862895965,0.1853196620941162,0.3447803843642166,0.3743838969947108,0.3543298510058111,0.5775118348970157,,,,
uni_a,288,288,0,direct,tide,0.1320279240608215,False,,0.4009333848953247,0.1908376067876815,0.3354131955283065,0.3640945446845003,0.3451555390792056,0.5887491917195654,,,,
uni_a,288,288,0,direct,frets,0.0917674973607063,False,,0.3092703819274902,0.1801450103521347,0.2887549446550385,0.4349267510230615,0.2892491179526182,0.079742790035039,,,,
uni_b,288,288,0,direct,segrnn_thuml,0.0585213154554367,False,,0.2540595531463623,0.1544294655323028,,,,,0.026192171002351,0.0495350649813799,0.0264288972683861,0.4248633879781421
uni_b,288,288,0,direct,tide,0.0672246590256691,False,,0.2648153603076935,0.1566317230463028,,,,,0.0260279896649557,0.0479047204839081,0.0266200167682948,0.6471654154801968
uni_b,288,288,0,direct,rlinear,0.0673036575317382,False,,0.264929711818695,0.157033696770668,,,,,0.0245512053203027,0.0452205808331867,0.0251510471814058,0.6629526462395543
uni_b,288,288,0,direct,itransformer,0.0627665743231773,False,,0.2578236758708954,0.1502894461154937,,,,,0.0241082535736848,0.0441720565399404,0.0247827585100491,0.6917992401242171
uni_b,288,288,0,direct,patchtst,0.0640494301915168,False,,0.2597347199916839,0.1532245129346847,,,,,0.021087218338542,0.0386424116880509,0.0217959931866595,0.7284010708201509
uni_b,288,288,0,direct,patchmixer,0.0692659094929695,False,,0.2700916826725006,0.1577089130878448,,,,,0.0146019140675084,0.0277309128211336,0.0149240613870253,0.6403187304575867
uni_b,288,288,0,direct,xpatch,0.0637176036834716,False,,0.2592417895793915,0.1501974165439605,,,,,0.0137259049584796,0.0263248338744673,0.013933588066331,0.5514236953202192
uni_b,288,288,0,direct,dlinear,0.2601766288280487,False,,0.5096977949142456,0.3947180509567261,,,,,0.0127285209400507,0.0227965110427575,0.0138443059641839,0.8692283364958887
uni_b,288,288,0,direct,frets,0.1141594648361206,False,,0.3438073396682739,0.2178874611854553,,,,,0.0001696956604367,0.000331154580822,0.0003222525874371,0.975027027027027
uni_b,288,288,0,direct,tsmixer,0.9346428513526917,False,,1.0244930982589722,0.786354660987854,,,,,0.0,0.0,0.0,0.0
multi,288,288,0,direct,tsmixer,0.569902241230011,False,,0.7630706429481506,0.4619590044021606,0.6106850324944192,0.5521682051125039,0.6199896316391242,0.4898540663789366,0.0,0.0,0.0,0.0
multi,288,288,0,direct,segrnn_thuml,0.0425506941974163,False,,0.22114959359169,0.1247513070702552,0.5986801409658932,0.6770785137787975,0.6012356813646468,0.2138086659361477,0.0162820712356426,0.0312357167882572,0.0163910622159964,0.5638140697806568
multi,288,288,0,direct,tide,0.0497961118817329,False,,0.240225464105606,0.1353742927312851,0.5170989187798889,0.5745834710945316,0.5214021432680221,0.3455738558269795,0.0251558887327935,0.0390335751545359,0.0264870682291844,0.9071473485642424
multi,288,288,0,direct,rlinear,0.0496449284255504,False,,0.2400003373622894,0.1350691765546798,0.5137255939789457,0.5726129745505643,0.5179933670896864,0.3451864965508821,0.0232688614785831,0.0365864939671854,0.0245225323721343,0.9085756137948604
multi,288,288,0,direct,itransformer,0.0475014559924602,False,,0.2388021945953369,0.1344877332448959,0.4915717642224337,0.5497371921356939,0.4960877191736558,0.3680639610935914,0.0065999702410688,0.01195255647501,0.0070765998155044,0.9290424803014732
multi,288,288,0,direct,patchmixer,0.0450812652707099,False,,0.2281266003847122,0.1293656975030899,0.4578240958471145,0.5515939531891585,0.4608523360769247,0.2959848986189613,0.0151245424701048,0.0293032691513221,0.0151867163210222,0.4431569057312872
multi,288,288,0,direct,dlinear,0.0507911965250968,False,,0.244303748011589,0.1440730988979339,0.4315264733798488,0.5029186953632696,0.4358361798981628,0.387509755508494,0.0175790856251364,0.0336474070897626,0.0176936349038231,0.5572298813722347
multi,288,288,0,direct,xpatch,0.046612698584795,False,,0.2336250245571136,0.1286780834197998,0.4307322719804002,0.5275613674377462,0.4337539857825627,0.308306455996666,0.0039815492501389,0.0078286938520109,0.0040230277768287,0.6671378091872792
multi,288,288,0,direct,patchtst,0.0459209308028221,False,,0.235872745513916,0.127614140510559,0.4173589233047714,0.5054222220908516,0.4208773337688992,0.3484799514534289,0.0,0.0,0.0,0.0
multi,288,288,0,direct,frets,0.047049056738615,False,,0.2363266348838806,0.1425188034772873,0.3050244160409093,0.4302441422138833,0.3066194172413058,0.2497158804577887,0.0056559893872274,0.0109606264083572,0.0057654856674297,0.7868645405746764
uni_a,864,144,0,direct,xpatch,0.0317611619830131,False,,0.2042948752641677,0.1133181974291801,0.7839664573876556,0.8232933579771665,0.7866078311742978,0.1281524388645716,,,,
uni_a,864,144,0,direct,segrnn_thuml,0.0360749624669551,False,,0.2136979103088379,0.1195449605584144,0.7668589245870978,0.8282717513641742,0.7686765640198577,0.0938000070625537,,,,
uni_a,864,144,0,direct,itransformer,0.0356050357222557,False,,0.220843106508255,0.1177574172616005,0.7504149720376561,0.7952083485385959,0.753414334608733,0.1484033643394276,,,,
uni_a,864,144,0,direct,tsmixer,0.0688257962465286,False,,0.2892968356609344,0.2000519782304763,0.673512155934382,0.6870782217781063,0.6799014994222077,0.2914649313182525,,,,
uni_a,864,144,0,direct,patchtst,0.0450086444616317,False,,0.2484799772500991,0.1368708312511444,0.6683919529912995,0.7190079113093076,0.6725801696644075,0.214197039689381,,,,
uni_a,864,144,0,direct,tide,0.4029579758644104,False,,0.7045020461082458,0.2777251005172729,0.5271777881721447,0.4109512271392523,0.5506667864817101,0.6512274150145533,,,,
uni_a,864,144,0,direct,patchmixer,0.2300857603549957,False,,0.5439792275428772,0.2520712316036224,0.4649302370257167,0.4013044716076815,0.4841284480325897,0.6344843182764982,,,,
uni_a,864,144,0,direct,dlinear,0.2683511674404144,False,,0.5437873005867004,0.262197732925415,0.3968263446102994,0.373711068335516,0.4131254227027436,0.6332985359928577,,,,
uni_a,864,144,0,direct,rlinear,0.558229386806488,False,,0.8348375558853149,0.3297817409038543,0.3475482102937386,0.2785999748380729,0.373433536545953,0.7521240337333915,,,,
uni_a,864,144,0,direct,frets,0.243134543299675,False,,0.4848901033401489,0.2966656684875488,3.783632949767543e-05,7.397987643258226e-05,3.783632949767543e-05,0.0,,,,
uni_b,864,144,0,direct,dlinear,2.089354991912842,False,,1.3996649980545044,1.1274269819259644,,,,,0.173126082904035,0.0234463560306545,0.3509285837800449,0.9748206419568788
uni_b,864,144,0,direct,segrnn_thuml,0.0499561093747615,False,,0.2360736578702926,0.1390191614627838,,,,,0.0580708161651949,0.1052600100172239,0.0585025073491267,0.3605503893551069
uni_b,864,144,0,direct,tide,0.0631687343120575,False,,0.2528130710124969,0.1505498141050338,,,,,0.0345402291278935,0.0650380539047507,0.0347362960401175,0.3013355592654424
uni_b,864,144,0,direct,itransformer,0.0559444464743137,False,,0.2412579804658889,0.1419152617454528,,,,,0.0327983085829442,0.0587452544093524,0.0337298979768286,0.6785007911392406
uni_b,864,144,0,direct,rlinear,0.0624364726245403,False,,0.2511214315891266,0.1504775285720825,,,,,0.0309814932655435,0.058588984581581,0.0311637558360712,0.308866390550698
uni_b,864,144,0,direct,patchmixer,0.2563414275646209,False,,0.6291385889053345,0.2299026995897293,,,,,0.0243696891483128,0.0351846152961703,0.0289261628912329,0.9232920935095428
uni_b,864,144,0,direct,frets,0.1434473842382431,False,,0.3712466359138489,0.2695063352584839,,,,,0.0086047326137713,0.0151742792467802,0.0100778142832439,0.9178252164349568
uni_b,864,144,0,direct,xpatch,0.0648930296301841,False,,0.2564983069896698,0.1496378779411316,,,,,0.0082048722683615,0.0160255335735949,0.0082413971986858,0.2529780564263323
uni_b,864,144,0,direct,patchtst,0.0663297995924949,False,,0.2583169937133789,0.1535141468048095,,,,,0.0015026763300972,0.0029548822173357,0.001535535189348,0.6205128205128205
uni_b,864,144,0,direct,tsmixer,0.7618461847305298,False,,1.027259111404419,0.8366981148719788,,,,,0.0,0.0,0.0,0.0
multi,864,144,0,direct,xpatch,0.0347642786800861,False,,0.1844076365232467,0.1099874600768089,0.7456109350698137,0.7677670226771478,0.7489184349397018,0.2043571040746836,0.0267426706566729,0.0511690825087448,0.0268029931621726,0.3505275498241501
multi,864,144,0,direct,segrnn_thuml,0.0340306423604488,False,,0.1821193844079971,0.1068146899342536,0.7188842158324853,0.8160081158135872,0.7195418601334327,0.0504718337472225,0.0109463667715062,0.0215481797149226,0.0109501999741968,0.077445652173913
multi,864,144,0,direct,tide,0.0444367229938507,False,,0.2258951216936111,0.1344306021928787,0.6491448246762747,0.7597403360016561,0.6500681425605755,0.0763008123216185,0.0301819561585984,0.0508585818105877,0.0308186040510901,0.8320442960098435
multi,864,144,0,direct,rlinear,0.0440062135457992,False,,0.2224549353122711,0.1324023306369781,0.6411500169498418,0.7558983208365604,0.6419940414877264,0.0710285088599322,0.0234251481799446,0.040907624123097,0.023916268868533,0.8312087411791487
multi,864,144,0,direct,patchmixer,0.0441536717116832,False,,0.2121750116348266,0.1275152862071991,0.6262362423955157,0.6941324334701306,0.629189578942364,0.2144443510132611,0.0157878591905909,0.0301563940901818,0.015901174042059,0.6308498689629353
multi,864,144,0,direct,itransformer,0.0487431846559047,False,,0.22636379301548,0.1391942799091339,0.5240543911483254,0.6488839436770977,0.5254821482338399,0.1364544880433862,0.0028364506153171,0.0055041845684743,0.0029351051477228,0.8896300788356579
multi,864,144,0,direct,dlinear,0.1150672882795333,False,,0.3401315212249756,0.2290271967649459,0.5172683315286164,0.6346056552107159,0.5190680316308258,0.1678057394021773,0.0806786254581215,0.0547040060997029,0.0884563282157141,0.9547218094766386
multi,864,144,0,direct,patchtst,0.0518453605473041,False,,0.220462292432785,0.1254810839891433,0.4378846857993564,0.6048422206355341,0.4378912254567929,0.0008677966101694,9.40203436004032e-06,1.8695782432752852e-05,1.6126951361114695e-05,0.99009900990099
multi,864,144,0,direct,frets,0.0828774943947792,False,,0.301889032125473,0.2258473634719848,0.1930287256307392,0.286408566034005,0.1954542573253252,0.4191850814094489,0.0001859559629304,0.0003586046675904,0.0003225390272222,0.9902486591906388
multi,864,144,0,direct,tsmixer,0.2774587869644165,False,,0.4975793957710266,0.3345629870891571,0.1052511719569179,0.1877900722792442,0.105256485428585,0.0029272686331907,0.0,0.0,0.0,0.0
uni_a,864,288,0,direct,segrnn_thuml,0.0545511245727539,False,,0.2787479162216186,0.1455771923065185,0.6073575287892782,0.7057486379639082,0.6098427969822162,0.1463354441998179,,,,
uni_a,864,288,0,direct,tide,1.8747777938842771,False,,1.5562779903411863,0.5799320936203003,0.5616582063605067,0.3269905892707577,0.6059789429071919,0.7546912832397743,,,,
uni_a,864,288,0,direct,itransformer,0.057383868843317,False,,0.2909998297691345,0.1420033574104309,0.5550434602786842,0.6736274655619908,0.557001183734121,0.1288010714858172,,,,
uni_a,864,288,0,direct,rlinear,1.603526592254639,False,,1.4461634159088137,0.5424576997756958,0.5114068043728038,0.3024083296771941,0.5556315955398496,0.7700093322481659,,,,
uni_a,864,288,0,direct,xpatch,0.0610582344233989,False,,0.295024424791336,0.1485389620065689,0.4718904911122322,0.57300883426835,0.4757586363521882,0.25484216296655,,,,
uni_a,864,288,0,direct,dlinear,0.1751903593540191,False,,0.4261312186717987,0.2184538841247558,0.4171619895252883,0.4409777824508612,0.4281270164949832,0.5186100947130047,,,,
uni_a,864,288,0,direct,patchtst,0.0815716385841369,False,,0.327862411737442,0.1654074192047119,0.4110333241079371,0.5186055515178601,0.4148419241628533,0.2785929068416974,,,,
uni_a,864,288,0,direct,patchmixer,0.5153392553329468,False,,0.8251071572303772,0.3559920191764831,0.4024535671891694,0.3172254770250488,0.4291110009110323,0.7232291648578296,,,,
uni_a,864,288,0,direct,tsmixer,0.1246495470404625,False,,0.3698859512805938,0.2319018989801406,0.0334537155323544,0.0615569589009947,0.0341789114683253,0.4715960203547308,,,,
uni_a,864,288,0,direct,frets,0.4627346098423004,False,,0.6752761602401733,0.4758369624614715,0.0029015815834245,0.0056527651404205,0.0029015815834245,0.0,,,,
uni_b,864,288,0,direct,dlinear,1.3550143241882324,False,,1.1442298889160156,0.8677253127098083,,,,,0.1651425310808392,0.0336594367600712,0.2794233881591328,0.9686650306976335
uni_b,864,288,0,direct,segrnn_thuml,0.0639069676399231,False,,0.2591395676136017,0.1559039503335952,,,,,0.031412379686819,0.058817397991245,0.0317287063871429,0.4297311009639776
uni_b,864,288,0,direct,tide,0.0873995423316955,False,,0.2873530089855194,0.1728232502937317,,,,,0.0168179368205929,0.0324498216991369,0.0169069216003613,0.284599458512502
uni_b,864,288,0,direct,rlinear,0.0850398391485214,False,,0.2820959389209747,0.1710675358772277,,,,,0.0159281690418844,0.030747246970853,0.0160224321577778,0.3078048780487805
uni_b,864,288,0,direct,itransformer,0.0730384215712547,False,,0.2649660408496856,0.1577360481023788,,,,,0.0119479235068159,0.0223241519395155,0.0125484587300989,0.7834221125113681
uni_b,864,288,0,direct,patchmixer,0.0996344462037086,False,,0.4418392479419708,0.1902109980583191,,,,,0.0116811024808668,0.0213826117592698,0.0125785690089954,0.8435759419611514
uni_b,864,288,0,direct,xpatch,0.0799827128648758,False,,0.280055969953537,0.1636341214179992,,,,,0.0055140322202405,0.0107197421211056,0.0056475591855169,0.6412003825920612
uni_b,864,288,0,direct,patchtst,0.0829028859734535,False,,0.2877905964851379,0.1687116771936416,,,,,0.0023380956648363,0.0045856498001997,0.0023937671722684,0.637400228050171
uni_b,864,288,0,direct,frets,0.1581315845251083,False,,0.3886456787586212,0.2722355127334595,,,,,0.0012575780479925,0.002448811274614,0.0014245925702886,0.8985934360348292
uni_b,864,288,0,direct,tsmixer,0.2455661594867706,False,,0.4653931558132171,0.3668332695960998,,,,,0.0,0.0,0.0,0.0
multi,864,288,0,direct,rlinear,0.0495843887329101,False,,0.2400203049182891,0.1390455812215805,0.6538990487428193,0.7348461420283834,0.6559792943165011,0.1544448062520351,0.0216258344567819,0.0345162149520582,0.0226014083473923,0.909544603867748
multi,864,288,0,direct,segrnn_thuml,0.0442240610718727,False,,0.2111005336046219,0.1265469789505005,0.65298457972211,0.7475720442828623,0.6545117996674598,0.1184747340713452,0.0075397227488161,0.01475754814039,0.0075827037335876,0.5690463783220427
multi,864,288,0,direct,tide,0.0500145815312862,False,,0.2415243834257125,0.1400533765554428,0.6526377321277607,0.7332734081167007,0.6547460476396072,0.1564514745086204,0.0250001027814467,0.0392618697939492,0.026048925401599,0.9036557243624526
multi,864,288,0,direct,itransformer,0.0561036989092826,False,,0.2457208484411239,0.1447486579418182,0.5081439410821951,0.5842480251901757,0.51201324649317,0.3032669566739168,0.0,0.0,0.0,0.0
multi,864,288,0,direct,patchmixer,0.0615214295685291,False,,0.2695423364639282,0.159231811761856,0.4989633402916726,0.6012856916229096,0.5016029910250875,0.2326021804587887,0.0178739304058685,0.0307024087042369,0.0184845595246827,0.8849971477467199
multi,864,288,0,direct,dlinear,0.2217574268579483,False,,0.4725674986839294,0.3342190980911255,0.4309831267116542,0.523121168413695,0.4345759193084632,0.3225769497884284,0.0536304216983313,0.0248723873004152,0.0676025086187926,0.9796526068286436
multi,864,288,0,direct,patchtst,0.0619968250393867,False,,0.2516981065273285,0.1450612545013427,0.4136217130294204,0.499691204783277,0.4176457619489431,0.3568968321887532,-1.574395046575329e-07,-3.1352169520573845e-07,0.0,1.0
multi,864,288,0,direct,xpatch,0.052479512989521,False,,0.2269192934036255,0.1326845437288284,0.1935997316577963,0.3054913197907567,0.1946393959158177,0.2352744793734435,0.0,0.0,0.0,0.0
multi,864,288,0,direct,frets,0.0980892106890678,False,,0.318066656589508,0.2484815269708633,0.0451864199373075,0.0827835461271332,0.0457059131537126,0.3956454404664298,0.0007737630185361,0.0014632049253278,0.0009994131885865,0.9813420061622732
multi,864,288,0,direct,tsmixer,0.2039719223976135,False,,0.4687365293502807,0.3602527678012848,0.0,0.0,0.0,0.0,0.0112323717548361,0.0024215702183345,0.0466973520134966,0.9943794371049852
uni_a,2016,144,0,direct,segrnn_thuml,0.0339826866984367,False,,0.1743324249982834,0.0736512318253517,0.6699331546677539,0.7578101309093525,0.6714749743983615,0.1212819197386743,,,,
uni_a,2016,144,0,direct,dlinear,0.5841454863548279,False,,1.252506971359253,0.5950103402137756,0.5063001524383138,0.1816669626818862,0.5738527265745008,0.8761754160027483,,,,
uni_a,2016,144,0,direct,itransformer,0.0516470149159431,False,,0.2415974289178848,0.1186425015330314,0.4393664658649318,0.5535340184916794,0.441676267281106,0.239167585446527,,,,
uni_a,2016,144,0,direct,tide,0.1858538538217544,False,,0.6192329525947571,0.2718383073806762,0.3554207137680386,0.2911762635734566,0.3733118919610855,0.7423197353670457,,,,
uni_a,2016,144,0,direct,rlinear,0.3267067074775696,False,,1.1256173849105835,0.4679197371006012,0.3330459865291465,0.1602853570822836,0.3798323092677931,0.8810098473399149,,,,
uni_a,2016,144,0,direct,patchtst,0.1172045618295669,False,,0.320334255695343,0.1456172466278076,0.3121941421500616,0.4366357549585054,0.3139640937019969,0.2530975809367922,,,,
uni_a,2016,144,0,direct,patchmixer,0.1410006880760193,False,,0.37861368060112,0.2038401663303375,0.3076349284245902,0.3453268551932714,0.3153321812596006,0.5946938145920099,,,,
uni_a,2016,144,0,direct,tsmixer,0.1182816624641418,False,,0.2670828402042389,0.1507978588342666,0.2755546671038695,0.4254891355070447,0.275681643625192,0.0269400203320908,,,,
uni_a,2016,144,0,direct,frets,0.295526921749115,False,,1.0049309730529783,0.3728443384170532,0.2448403041062476,0.2918166822743422,0.2518401177675371,0.6255694726950481,,,,
uni_a,2016,144,0,direct,xpatch,inf,False,,,,0.0,0.0,0.0,0.0,,,,
uni_b,2016,144,0,direct,dlinear,0.8285350799560547,False,,0.9153472781181335,0.6584502458572388,,,,,0.0763012478497392,0.0176259063803675,0.1613096665867114,0.9791412933121868
uni_b,2016,144,0,direct,patchmixer,0.0961019173264503,False,,0.9440417289733888,0.2719787061214447,,,,,0.0582614831995134,0.0855281929532462,0.0615575277844407,0.8266732704473311
uni_b,2016,144,0,direct,segrnn_thuml,0.0592072308063507,False,,0.2203883826732635,0.1394327729940414,,,,,0.0563042301874587,0.1007700091924146,0.0568721515951067,0.4707589285714286
uni_b,2016,144,0,direct,tide,0.1304540932178497,False,,0.2850090563297272,0.1817373931407928,,,,,0.0494139656498773,0.0795561840557928,0.0514591828575997,0.7797474419082167
uni_b,2016,144,0,direct,rlinear,0.1204538643360138,False,,0.2774055302143097,0.1750915050506591,,,,,0.0452680134430311,0.0776068499686291,0.0465099544255217,0.7040146542512593
uni_b,2016,144,0,direct,itransformer,0.0848066508769989,False,,0.2470803707838058,0.1547122150659561,,,,,0.0208994300023507,0.0349352570912989,0.0227472615335412,0.8785796594255474
uni_b,2016,144,0,direct,frets,0.2012646794319152,False,,0.4107063710689544,0.2866063117980957,,,,,0.0009874371406046,0.0019259967389889,0.0011353641960502,0.9206703910614524
uni_b,2016,144,0,direct,patchtst,0.0838806480169296,False,,0.2421128302812576,0.1490200906991958,,,,,0.0004628271058676,0.000907861328527,0.0005516910530103,0.9348441926345608
uni_b,2016,144,0,direct,xpatch,inf,False,,,,,,,,0.0,0.0,0.0,0.0
uni_b,2016,144,0,direct,tsmixer,0.5798926949501038,False,,0.8585676550865173,0.7472918033599854,,,,,0.0,0.0,0.0,0.0
multi,2016,144,0,direct,segrnn_thuml,0.02730661816895,False,,0.1956866830587387,0.1048094481229782,0.4902559137438576,0.5137364472509484,0.4936895544400011,0.4561841981942579,0.0318847050797284,0.0603047334841125,0.0320200205338809,0.3659466327827191
multi,2016,144,0,direct,rlinear,0.1012324020266532,False,,0.408403605222702,0.2100277245044708,0.0433921229932377,0.0356147982657894,0.0548796052071811,0.961899698741804,0.02421502280361,0.0318852619623287,0.0277849075975359,0.9460839247914332
multi,2016,144,0,direct,tide,0.1555937230587005,False,,0.5268902778625488,0.2376286089420318,0.0365318164306516,0.0251213603293941,0.0519867267931591,0.9728673564545496,0.0333393743109337,0.0279058187000718,0.0432174024640657,0.9689595575527136
multi,2016,144,0,direct,patchmixer,0.0447865054011344,False,,0.2475832253694534,0.1483391970396042,0.0267716731905886,0.0508899363950706,0.0269151138716356,0.391276459268762,0.0225107531869502,0.0425677356411857,0.0227156057494866,0.5518987341772152
multi,2016,144,0,direct,dlinear,0.1875628381967544,False,,0.4583568274974823,0.2850974798202514,0.0099826544328483,0.0132449159540667,0.01403896877393,0.9721048182586643,0.0447050474566934,0.0310751211373526,0.0580723819301848,0.9691710241692356
multi,2016,144,0,direct,tsmixer,0.3807860612869262,False,,1.5647571086883545,0.6307607889175415,0.0,0.0,0.0,0.0,0.0,0.0,0.0,0.0
multi,2016,144,0,direct,xpatch,inf,False,,,,0.0,0.0,0.0,0.0,0.0,0.0,0.0,0.0
multi,2016,144,0,direct,itransformer,0.0517784170806407,False,,0.2732908129692077,0.1716736406087875,0.0,0.0,0.0,0.0,0.0,0.0,0.0,0.0
multi,2016,144,0,direct,patchtst,0.0518021881580352,False,,0.2546467185020447,0.139624536037445,-4.702973149080251e-07,-9.3280815691744e-07,0.0,1.0,0.0,0.0,0.0,0.0
multi,2016,144,0,direct,frets,0.0759507268667221,False,,0.3529787063598633,0.232741966843605,-0.0046368963763356,-0.0059336488201314,0.0,1.0,-0.0003832903146682,-0.0007061512315696,0.0001925051334702,0.9975579975579976
uni_a,2016,288,0,direct,segrnn_thuml,0.0610010288655757,False,,0.2414680123329162,0.0939351469278335,0.5807547605233992,0.6683757100254989,0.5834093381976446,0.2041613690063681,,,,
uni_a,2016,288,0,direct,dlinear,0.3433913588523865,False,,1.1874594688415527,0.4846113324165344,0.4610169626850233,0.2300235575834062,0.5060443868407578,0.8337949301429723,,,,
uni_a,2016,288,0,direct,itransformer,0.0727638453245163,False,,0.2916547954082489,0.1427824795246124,0.4241673968257839,0.5343227447174191,0.4268873207885305,0.2642881764908652,,,,
uni_a,2016,288,0,direct,patchtst,0.1023106575012207,False,,0.3559110760688782,0.1698870658874511,0.4125565084839262,0.4347998151409633,0.4209789426523297,0.53007211592132,,,,
uni_a,2016,288,0,direct,tide,0.1511506736278534,False,,0.7134354114532471,0.3053881227970123,0.381483464514658,0.2415718825643655,0.4128144201228879,0.8105712397665112,,,,
uni_a,2016,288,0,direct,rlinear,0.1603311747312545,False,,0.6069731712341309,0.2400336861610412,0.3795321635310231,0.317686422625104,0.39725342421915,0.7155122281012855,,,,
uni_a,2016,288,0,direct,patchmixer,0.3313594162464142,False,,0.6866147518157959,0.3971026539802551,0.3256371165529738,0.2661421130303587,0.3453221006144393,0.7626921554397308,,,,
uni_a,2016,288,0,direct,frets,0.3336944282054901,False,,0.7476034164428711,0.3772764801979065,0.0631262945272487,0.0717224945976308,0.0752008128520225,0.9005233385720106,,,,
uni_a,2016,288,0,direct,xpatch,inf,False,,,,0.0,0.0,0.0,0.0,,,,
uni_a,2016,288,0,direct,tsmixer,0.1473600268363952,False,,0.3224564492702484,0.1954121887683868,0.0,0.0,0.0,0.0,,,,
uni_b,2016,288,0,direct,dlinear,0.6609814763069153,False,,0.7866100072860718,0.5903195738792419,,,,,0.1261161479428379,0.0346419122710375,0.194914307235772,0.9692608639462796
uni_b,2016,288,0,direct,patchmixer,0.1391986757516861,False,,0.2921490669250488,0.1923601776361465,,,,,0.0398241252127506,0.0599712712836208,0.0429312264350071,0.8660494066297344
uni_b,2016,288,0,direct,tide,0.2686250507831573,False,,0.3810791671276092,0.2426244765520095,,,,,0.0335161613655414,0.0331196407749097,0.0444832566975279,0.9565684729462156
uni_b,2016,288,0,direct,rlinear,0.2616516947746277,False,,0.3762618005275726,0.2404237389564514,,,,,0.031636565809946,0.0317959003536641,0.0422441943721313,0.9573232428816324
uni_b,2016,288,0,direct,segrnn_thuml,0.0747105255722999,False,,0.2388247549533844,0.1488428562879562,,,,,0.0244277687751274,0.0460563387795018,0.0247124605266969,0.5071805876526907
uni_b,2016,288,0,direct,itransformer,0.0951506346464157,False,,0.2610311508178711,0.1638327986001968,,,,,0.0067940678471242,0.0123264420152061,0.0077394575757701,0.9160531513736756
uni_b,2016,288,0,direct,xpatch,inf,False,,,,,,,,0.0,0.0,0.0,0.0
uni_b,2016,288,0,direct,tsmixer,0.4038821756839752,False,,0.7415110468864441,0.6108360886573792,,,,,0.0,0.0,0.0,0.0
uni_b,2016,288,0,direct,frets,0.2269951999187469,False,,0.44098100066185,0.3057958483695984,,,,,0.0,0.0,0.0,0.0
uni_b,2016,288,0,direct,patchtst,0.1023379117250442,False,,0.2639560997486114,0.1625741869211197,,,,,-2.1496659516402068e-05,-4.243768871804378e-05,0.0,1.0
multi,2016,288,0,direct,segrnn_thuml,0.0371365807950496,False,,0.2275882810354232,0.1244504153728485,0.0101144716090581,0.0189788016797186,0.0104612716136375,0.823206106870229,0.0076454455499538,0.0149215940085335,0.0077181604769384,0.5528375733855186
multi,2016,288,0,direct,tsmixer,0.3161223530769348,False,,1.6423605680465698,0.6987397074699402,0.0,0.0,0.0,0.0,0.0,0.0,0.0,0.0
multi,2016,288,0,direct,itransformer,0.0554487891495227,False,,0.2944571673870086,0.1827532052993774,0.0,0.0,0.0,0.0,0.0,0.0,0.0,0.0
multi,2016,288,0,direct,xpatch,inf,False,,,,0.0,0.0,0.0,0.0,0.0,0.0,0.0,0.0
multi,2016,288,0,direct,patchtst,0.0592675320804119,False,,0.2877461314201355,0.1632918566465377,0.0,0.0,0.0,0.0,0.0,0.0,0.0,0.0
multi,2016,288,0,direct,patchmixer,0.0461123660206794,False,,0.2750451564788818,0.1650885790586471,-0.0009778568306083,-0.001684140750248,0.0001264747863479,0.999185288640596,0.0111851221458436,0.0215504667954723,0.0113323537856141,0.6303030303030303
multi,2016,288,0,direct,dlinear,0.1425077021121978,False,,0.4168253540992737,0.2815709710121155,-0.0013534976439853,-0.002263609174214,0.0,1.0,0.0461248027311985,0.0226201962415984,0.069176335478205,0.9776428976900572
multi,2016,288,0,direct,frets,0.0675804838538169,False,,0.3338451683521271,0.2126722335815429,-0.0031750981131429,-0.0043797095775767,0.0,1.0,0.0009191334144084,0.001700952733845,0.0014693215787607,0.9800550206327372
multi,2016,288,0,direct,tide,0.2853381037712097,False,,0.7576496601104736,0.3986086249351501,-0.058660515177829,-0.0122514909553095,0.0027643774730337,0.9996796925048046,-0.0018894078033757,-0.0010032002110532,0.0191518467852257,0.99311165915469
multi,2016,288,0,direct,rlinear,0.323734700679779,False,,0.7929948568344116,0.4206872582435608,-0.063411776544913,-0.01253586578289,0.0018971217952192,0.9997932305656424,-0.0049800566894485,-0.0024853874534643,0.017918967759369,0.9940722283058082
uni_a,288,144,1,direct,patchmixer,0.0423894822597503,False,,0.2428014278411865,0.1362136304378509,0.8372721815219883,0.8366735556536276,0.8453331727761395,0.1559403825960863,,,,
uni_a,288,144,1,direct,dlinear,0.0509749725461006,False,,0.2699711918830871,0.1531391441822052,0.8332125398271802,0.7759622203004772,0.8490353440103867,0.2652799873387423,,,,
uni_a,288,144,1,direct,rlinear,0.0422753095626831,False,,0.2420764565467834,0.132321611046791,0.8301485362635359,0.8436039604166721,0.8368342044768295,0.1340383281186392,,,,
uni_a,288,144,1,direct,segrnn_thuml,0.0394645147025585,False,,0.2329706698656082,0.1282704323530197,0.8290719720654031,0.8622487380415711,0.8334788005653303,0.0929186252576077,,,,
uni_a,288,144,1,direct,itransformer,0.0426567010581493,False,,0.2445215135812759,0.1366511434316635,0.8212690829345323,0.8427923181411844,0.8273981495481613,0.1255052612238804,,,,
uni_a,288,144,1,direct,xpatch,0.0429849997162818,False,,0.2443109005689621,0.1354527324438095,0.8198778015324633,0.8501041547053088,0.8250382304182847,0.1080838235438057,,,,
uni_a,288,144,1,direct,tide,0.0430200882256031,False,,0.2445087134838104,0.1335553526878357,0.8174682359435361,0.8381248981890206,0.8238761524581095,0.1309550073012498,,,,
uni_a,288,144,1,direct,patchtst,0.0489332117140293,False,,0.262980043888092,0.1417733430862426,0.8048236810667988,0.8262739636769504,0.8117162085203357,0.1412716512750468,,,,
uni_a,288,144,1,direct,tsmixer,0.0488449744880199,False,,0.2884654700756073,0.1636812388896942,0.7808762706048986,0.8110851820659588,0.7877761349839337,0.1450744593882893,,,,
uni_a,288,144,1,direct,frets,0.0599913597106933,False,,0.3124785125255584,0.1868188232183456,0.4392950685700048,0.5934640615225102,0.4399268619730246,0.0270707810970078,,,,
uni_b,288,144,1,direct,dlinear,0.1661756485700607,False,,0.4011390507221222,0.3186695277690887,,,,,0.0793451841064527,0.0966047046864371,0.082535227897134,0.8711641655620219
uni_b,288,144,1,direct,tide,0.0574314966797828,False,,0.2243535369634628,0.1279775202274322,,,,,0.0318912434406379,0.0608634701695344,0.0319514642907419,0.2479692176143651
uni_b,288,144,1,direct,segrnn_thuml,0.0525604523718357,False,,0.215049996972084,0.1254375725984573,,,,,0.0318685979362064,0.0611000893055118,0.0319015117456598,0.1529000361750874
uni_b,288,144,1,direct,rlinear,0.0575241558253765,False,,0.2244890332221985,0.1281047165393829,,,,,0.0285798750191224,0.054874589106136,0.0286228083320845,0.2078672866658288
uni_b,288,144,1,direct,itransformer,0.054400261491537,False,,0.2180898487567901,0.1226640418171882,,,,,0.0248277765618361,0.0471472172252566,0.0249581079792379,0.4774175145003328
uni_b,288,144,1,direct,patchtst,0.0548408515751361,False,,0.2192575633525848,0.1235759258270263,,,,,0.0132620092964295,0.0250817986412626,0.0134826460317244,0.7411282587845497
uni_b,288,144,1,direct,xpatch,0.0595320351421833,False,,0.2280625700950622,0.1256370395421981,,,,,0.0130495736618849,0.0255730840348645,0.0130603199687569,0.1258358662613981
uni_b,288,144,1,direct,patchmixer,0.0651644393801689,False,,0.2457379698753357,0.1371069401502609,,,,,0.0112363196109825,0.0218660512026593,0.0112983574694948,0.4899548995489955
uni_b,288,144,1,direct,frets,0.0804052203893661,False,,0.2684431672096252,0.1589283347129821,,,,,0.0024136350733537,0.0047343267085682,0.0024794626922605,0.8228423101881895
uni_b,288,144,1,direct,tsmixer,0.9268285632133484,False,,0.9645329117774964,0.7461252808570862,,,,,0.0,0.0,0.0,0.0
multi,288,144,1,direct,segrnn_thuml,0.0344470851123333,False,,0.2082881480455398,0.1216645538806915,0.8066939206309505,0.834285788514669,0.811137593199962,0.1290409791629215,0.1264582237275134,0.2047305389438853,0.1279411990363516,0.426994708267473
multi,288,144,1,direct,itransformer,0.0414135418832302,False,,0.2310404032468795,0.1304786950349807,0.7235380412490806,0.7264532232425087,0.7330987735043186,0.2607402740002818,0.2118638609553963,0.2675455517767118,0.2174592214089521,0.6232400357309966
multi,288,144,1,direct,tide,0.0392492823302745,False,,0.2246743440628051,0.1264072805643081,0.7162655693208885,0.7252036784970496,0.7254700863714499,0.2554727145557093,0.2145209358588828,0.2814717019301527,0.2191502094554159,0.5759182825073492
multi,288,144,1,direct,rlinear,0.0392581559717655,False,,0.2247550934553146,0.1257293820381164,0.708624282277694,0.7225083330500778,0.7175909325796483,0.25258063187379,0.2062958030743293,0.2751637449901286,0.210664579784867,0.5714116244076347
multi,288,144,1,direct,patchtst,0.0400835573673248,False,,0.2292579710483551,0.1285550743341446,0.697825541452846,0.7038880865669549,0.7079624669120361,0.2791433729522224,0.1924123229030406,0.2631334009704323,0.1964185425585784,0.5673377229155118
multi,288,144,1,direct,xpatch,0.0381292775273323,False,,0.2210625559091568,0.1230607479810714,0.6656170288089183,0.7575652321582111,0.6685521972517217,0.1061335636357227,0.1647792221216062,0.2439613487480952,0.1674722644201998,0.5083119340451412
multi,288,144,1,direct,patchmixer,0.041429329663515,False,,0.2329538464546203,0.1289950758218765,0.652185153051721,0.6699710068066764,0.6626214104173038,0.298714634306275,0.1830594873674844,0.2648120030649451,0.1859657198974972,0.5011730615672102
multi,288,144,1,direct,dlinear,0.0856066867709159,False,,0.3089367151260376,0.2239870280027389,0.6412115742039427,0.659390836709424,0.6519633949569197,0.3084401873732783,0.3612070592116602,0.3014625604902036,0.3771578511255351,0.7311060981666773
multi,288,144,1,direct,frets,0.0428547635674476,False,,0.2394374310970306,0.1483203768730163,0.3043688987241957,0.4562544099486005,0.3045213186674119,0.0133557138708079,0.1320707860359978,0.1971869538182629,0.1350887692000797,0.5895374860126819
multi,288,144,1,direct,tsmixer,0.9779822826385498,False,,0.9625602960586548,0.6593724489212036,0.232130153054115,0.355304102567605,0.2338383092709574,0.1649672833403944,0.0,0.0,0.0,0.0
uni_a,288,288,1,direct,dlinear,0.1128298118710517,False,,0.4139769673347473,0.2003606110811233,0.7835842175700397,0.6882827410130613,0.8091671818597819,0.3739061218813984,,,,
uni_a,288,288,1,direct,itransformer,0.0722715929150581,False,,0.3269495666027069,0.1741573363542556,0.7334119677328698,0.7399903481800758,0.745871803427096,0.2398576478291976,,,,
uni_a,288,288,1,direct,rlinear,0.0750492289662361,False,,0.3280342221260071,0.1597622483968734,0.7289630428993105,0.7378444409496634,0.7413124063294635,0.2393522031183192,,,,
uni_a,288,288,1,direct,segrnn_thuml,0.067104734480381,False,,0.3112315237522125,0.1537170112133026,0.727542248384929,0.7688754305561385,0.7355331542262609,0.1702709534824412,,,,
uni_a,288,288,1,direct,xpatch,0.0706169605255127,False,,0.3199174702167511,0.1629699170589447,0.726067627795369,0.7538206192318845,0.7359315096405976,0.2020269107954973,,,,
uni_a,288,288,1,direct,tide,0.0763062685728073,False,,0.3298555612564087,0.1604418158531189,0.7249665161555876,0.7412617420220291,0.7364607497212504,0.2276853952679728,,,,
uni_a,288,288,1,direct,patchmixer,0.0720614790916442,False,,0.329226016998291,0.1678226888179779,0.6986720176422762,0.7156318503074369,0.7113061050260208,0.2512190813135782,,,,
uni_a,288,288,1,direct,patchtst,0.077965036034584,False,,0.3427305221557617,0.1684417575597763,0.688438321647461,0.6978639099916316,0.7026692043749191,0.2767003408757744,,,,
uni_a,288,288,1,direct,tsmixer,0.0931038856506347,False,,0.4024304151535034,0.2353709489107132,0.3138536242949653,0.4570240789555322,0.3150899608982059,0.0690019621931738,,,,
uni_a,288,288,1,direct,frets,0.0964042469859123,False,,0.4168002605438232,0.2357293516397476,0.2614732900336498,0.3910913770080956,0.2634150585783248,0.1222226627743882,,,,
uni_b,288,288,1,direct,dlinear,0.2362483590841293,False,,0.4804186522960663,0.3708654940128326,,,,,0.0304916085510143,0.0509161308810812,0.0314094295911339,0.8373748638414855
uni_b,288,288,1,direct,tide,0.0698465630412101,False,,0.247145339846611,0.1441838294267654,,,,,0.0157208554431684,0.030521268921111,0.0157710850917287,0.3594751296917913
uni_b,288,288,1,direct,rlinear,0.0699217841029167,False,,0.2472436726093292,0.14425590634346,,,,,0.0138280369559186,0.0269446809009906,0.013867635088598,0.3347350714886459
uni_b,288,288,1,direct,segrnn_thuml,0.0641103088855743,False,,0.2387031316757202,0.144345998764038,,,,,0.0123618003355174,0.0241694441850448,0.012389956796694,0.2859411085450346
uni_b,288,288,1,direct,patchmixer,0.0705707818269729,False,,0.2515482604503631,0.1497382968664169,,,,,0.0102583728361008,0.019850433098713,0.0103587752801953,0.6307142857142857
uni_b,288,288,1,direct,itransformer,0.0662367045879364,False,,0.2393668740987777,0.1380959451198578,,,,,0.0080432122214319,0.0156813866438219,0.0081122033686055,0.5997775855677746
uni_b,288,288,1,direct,frets,0.1020248681306839,False,,0.3053217828273773,0.2008651494979858,,,,,0.0074114507730185,0.0136630796783467,0.0078191722497025,0.9018485915492958
uni_b,288,288,1,direct,xpatch,0.0681552961468696,False,,0.2447490841150283,0.1430253833532333,,,,,0.005969192233693,0.0117416880724083,0.0059983720493394,0.4615557553956834
uni_b,288,288,1,direct,patchtst,0.0671138241887092,False,,0.2410375326871872,0.1392440199851989,,,,,0.0054296144430052,0.0106515367141438,0.0054774278379562,0.6060169338857864
uni_b,288,288,1,direct,tsmixer,1.0266224145889282,False,,1.041853666305542,0.7955105900764465,,,,,0.0,0.0,0.0,0.0
multi,288,288,1,direct,segrnn_thuml,0.0481838695704937,False,,0.253834456205368,0.1391227096319198,0.66190643246679,0.7002985805372566,0.670390184334477,0.2432331308277784,0.0859317427581869,0.1403862940961234,0.087935977601815,0.5840679099426744
multi,288,288,1,direct,patchtst,0.0538189150393009,False,,0.2782603800296783,0.1493867635726928,0.6266570194010683,0.6060887405514052,0.6434763330813514,0.3989876188336027,0.1790359723199956,0.2392796721287521,0.1839730228757324,0.6231220201306727
multi,288,288,1,direct,tide,0.0526328012347221,False,,0.272308200597763,0.1462915688753128,0.6079553891492158,0.6069736091613875,0.6229342327150085,0.3791565155720146,0.1864485956134154,0.2441450406662424,0.1917689428615267,0.6309022132262667
multi,288,288,1,direct,rlinear,0.0525912791490554,False,,0.2723926901817322,0.1459168195724487,0.6022812930069443,0.6036889821454765,0.6171636041169971,0.3798255910351542,0.1810841847535957,0.2397557648307346,0.1862176685682367,0.6294155184717571
multi,288,288,1,direct,itransformer,0.0566222704946994,False,,0.2859808206558227,0.1558962911367416,0.5789907346379248,0.5664693776769821,0.596682560911787,0.4295688960879677,0.2046763538623603,0.2522156708852988,0.2112587428260123,0.6574961498363506
multi,288,288,1,direct,patchmixer,0.0537455342710018,False,,0.2777292728424072,0.1489061117172241,0.5576082499491078,0.562506301150342,0.573680002325987,0.4157277918063041,0.1767406343212302,0.2391454039055815,0.1814163335040091,0.6135895449220974
multi,288,288,1,direct,dlinear,0.1323440819978714,False,,0.3893912732601166,0.25986248254776,0.5074925919019262,0.5093162676661664,0.5258671570622783,0.4701831704630671,0.3442154354501333,0.2141614837361449,0.3744075911089963,0.8324482838165937
multi,288,288,1,direct,xpatch,0.0512586645781993,False,,0.2709527611732483,0.1446252912282943,0.4866563405006684,0.541801866722069,0.4980752456823865,0.3679995056385793,0.1553530016519467,0.2190881219240325,0.1593974281394438,0.6098736260258655
multi,288,288,1,direct,tsmixer,0.8020150661468506,False,,0.8866065740585327,0.6418785452842712,0.2830889122463476,0.3349207179289493,0.2980410827469907,0.5602797253792551,0.1622327369796114,0.0674401675461337,0.2212527605521621,0.9426440914301548
multi,288,288,1,direct,frets,0.0683905631303787,False,,0.3076866567134857,0.1836761534214019,0.2799165431197433,0.4253957554765932,0.2802225678897482,0.0269880770900427,0.0517906692842095,0.0913438490993038,0.0528750256444736,0.558209213217712
uni_a,864,144,1,direct,segrnn_thuml,0.0422703512012958,False,,0.241969957947731,0.1246651336550712,0.8274425304159225,0.8636429428116977,0.8316325798555412,0.0876502866425515,,,,
uni_a,864,144,1,direct,xpatch,0.0467811711132526,False,,0.2540238499641418,0.1317708194255828,0.7438739703051458,0.8109858081703347,0.7479331253784368,0.0937801247365104,,,,
uni_a,864,144,1,direct,itransformer,0.0519247725605964,False,,0.2848400771617889,0.1409204751253128,0.6526355739724389,0.7400724838711243,0.6575186599822654,0.124043291764472,,,,
uni_a,864,144,1,direct,dlinear,0.1907482743263244,False,,0.6139419078826904,0.3297666907310486,0.598584447954206,0.622356258972787,0.6145698518967037,0.3315380623714899,,,,
uni_a,864,144,1,direct,patchmixer,0.0792021974921226,False,,0.3645139634609222,0.1823916882276535,0.5964000255534762,0.6583810834829674,0.6066101247442413,0.2429636858503742,,,,
uni_a,864,144,1,direct,patchtst,0.0800014212727546,False,,0.3805926144123077,0.1940069049596786,0.5204690693555428,0.5543496328255852,0.5379362246142456,0.3823919201304033,,,,
uni_a,864,144,1,direct,rlinear,0.2288398444652557,False,,0.6424899101257324,0.280360996723175,0.4600082999757242,0.4573129919398392,0.4875363371050268,0.5184540883426679,,,,
uni_a,864,144,1,direct,tide,0.1975418031215667,False,,0.6085289716720581,0.277422696352005,0.4558392279277288,0.4454427615513236,0.4854099169806556,0.5373800304808216,,,,
uni_a,864,144,1,direct,tsmixer,0.0840053409337997,False,,0.3772511780261993,0.2014951407909393,0.4336086864422022,0.5681007355546752,0.4369327035380072,0.12668468636406,,,,
uni_a,864,144,1,direct,frets,0.1604748517274856,False,,0.9147576689720154,0.366845428943634,0.1655670637705878,0.2700291113960772,0.166459094391818,0.0927092498093729,,,,
uni_b,864,144,1,direct,dlinear,1.5691839456558228,False,,1.2281885147094729,0.9752808213233948,,,,,0.0932129023607475,0.0334866666288072,0.1199846419658283,0.9738519487214784
uni_b,864,144,1,direct,segrnn_thuml,0.0543306991457939,False,,0.2090200036764145,0.1233328133821487,,,,,0.0407845651773055,0.0770934323488566,0.0408536094476681,0.2200283755024828
uni_b,864,144,1,direct,tide,0.0633421763777732,False,,0.2290339767932891,0.1323084980249405,,,,,0.0316097488091103,0.0601196510339056,0.0316945237461217,0.3086586518978792
uni_b,864,144,1,direct,rlinear,0.0629047080874443,False,,0.2282797992229461,0.1321730315685272,,,,,0.0277758084098472,0.05311942279758,0.0278488224475009,0.3044083526682135
uni_b,864,144,1,direct,patchmixer,0.1394360363483429,False,,0.5204723477363586,0.1749251335859298,,,,,0.0275489014931474,0.0374021395777347,0.0301834913518166,0.9357720791713888
uni_b,864,144,1,direct,itransformer,0.0574987046420574,False,,0.2169291079044342,0.1240957230329513,,,,,0.0144480614488805,0.0278974862253833,0.0145405904173298,0.5150764147046675
uni_b,864,144,1,direct,xpatch,0.0669698938727378,False,,0.2389228045940399,0.1387844234704971,,,,,0.0128032025101396,0.0250964123549882,0.0128128115730218,0.111254295532646
uni_b,864,144,1,direct,patchtst,0.0587201528251171,False,,0.2208376675844192,0.1254502236843109,,,,,0.0094886561818159,0.0185797325241368,0.0095244582886938,0.3855373551737914
uni_b,864,144,1,direct,frets,0.1287489384412765,False,,0.3505720794200897,0.2658477425575256,,,,,0.0007979242516032,0.0015208397316543,0.0010527684714421,0.9758488421650804
uni_b,864,144,1,direct,tsmixer,0.8075427412986755,False,,0.848644495010376,0.6803694367408752,,,,,0.0,0.0,0.0,0.0
multi,864,144,1,direct,segrnn_thuml,0.0313490256667137,False,,0.2162419706583023,0.121021457016468,0.8385569909015812,0.860529047448298,0.8431568642790239,0.1092372779135376,0.0782681496715017,0.134886859796406,0.0794940099276533,0.4491813199744477
multi,864,144,1,direct,xpatch,0.0348356515169143,False,,0.2318584769964218,0.1318606883287429,0.7381456176731357,0.8064546615360121,0.7417472402703805,0.098406620235923,0.1249856508099019,0.1805716236503504,0.1295786812621608,0.6521065110341054
multi,864,144,1,direct,dlinear,0.4612497389316559,False,,0.6858792304992676,0.4964102208614349,0.6628741841105208,0.7122707706755542,0.6710503781479735,0.2149994558603836,0.5714545776785693,0.0856092077151502,0.7941200731715601,0.93681954806526
multi,864,144,1,direct,patchmixer,0.0402458272874355,False,,0.2574047744274139,0.1446002423763275,0.655261024873594,0.6700520839935571,0.6679761418969349,0.2996652701115027,0.1534571527801496,0.2153925587038091,0.1582892993871639,0.6174942838717242
multi,864,144,1,direct,rlinear,0.0544603504240512,False,,0.3009344041347503,0.1653817892074585,0.625596016541906,0.6419614039598872,0.6392698794620298,0.3246963544667944,0.16521231953345,0.2171062642043461,0.1716620327913397,0.6652029904419419
multi,864,144,1,direct,itransformer,0.0556090958416461,False,,0.296114981174469,0.1761495023965835,0.6188438567608137,0.6538330454777719,0.6303072333353772,0.2901858633383017,0.1450119498806218,0.1767162204765534,0.1540921243528344,0.7570553179770038
multi,864,144,1,direct,tide,0.0567238144576549,False,,0.3060270249843597,0.1686616986989975,0.6088051274122261,0.6338914378641739,0.621938714022027,0.321889876321219,0.1671394438693794,0.2173961055153266,0.1738503864797589,0.6711970486748403
multi,864,144,1,direct,patchtst,0.0446501746773719,False,,0.2805314362049103,0.1595849990844726,0.5017785653990244,0.594363796243602,0.5091117064125523,0.2445867345978403,0.1543512203691411,0.2084969395265197,0.1602204851255028,0.6595384900913533
multi,864,144,1,direct,frets,0.0571284815669059,False,,0.3275363743305206,0.1845371425151825,0.2065032999148307,0.3322615429405578,0.2065573839814108,0.005851285756444,0.0982775934293628,0.1547717968244918,0.1012028666948095,0.604516667298722
multi,864,144,1,direct,tsmixer,0.5189219117164612,False,,0.9130918979644777,0.5858802795410156,0.0,0.0,0.0,0.0,0.209262633156975,0.0836037995315672,0.2808031403603263,0.9309046711073806
uni_a,864,288,1,direct,segrnn_thuml,0.0762092843651771,False,,0.3319331109523773,0.1571737080812454,0.7452256160773635,0.7580811692503104,0.7561876590486944,0.2157333740680864,,,,
uni_a,864,288,1,direct,xpatch,0.0901506245136261,False,,0.3588414490222931,0.1911244988441467,0.7309384818258499,0.7006340130872515,0.7489796335845382,0.3136927715224663,,,,
uni_a,864,288,1,direct,itransformer,0.099459134042263,False,,0.3835220634937286,0.2016719281673431,0.6804621374547377,0.6771234893784045,0.696979813601067,0.310200901823082,,,,
uni_a,864,288,1,direct,patchtst,0.1027668267488479,False,,0.4006964564323425,0.1958478391170501,0.5424452197278719,0.591474635526335,0.5565898323391512,0.3253374607045922,,,,
uni_a,864,288,1,direct,rlinear,0.3837688863277435,False,,0.7959551215171814,0.3203060925006866,0.517741895255103,0.5015817858123458,0.5452897038728102,0.4894392944743091,,,,
uni_a,864,288,1,direct,dlinear,0.3129617869853973,False,,0.7695763111114502,0.4176687598228454,0.4990150818202353,0.5601058404633189,0.5125671993519405,0.3340900489854234,,,,
uni_a,864,288,1,direct,tide,0.4004930853843689,False,,0.8268954157829285,0.336291491985321,0.4701043118740132,0.4545468630670843,0.5002491592409849,0.5334631135578236,,,,
uni_a,864,288,1,direct,patchmixer,0.1701035797595977,False,,0.5259889960289001,0.2352755069732666,0.4387581014368694,0.4830009066634481,0.4571732495438217,0.4332155398170658,,,,
uni_a,864,288,1,direct,frets,0.299371600151062,False,,1.0575722455978394,0.4510654807090759,0.2675123113383052,0.3710377217091559,0.2746917216944465,0.3315269283116402,,,,
uni_a,864,288,1,direct,tsmixer,0.1757977604866027,False,,0.6250167489051819,0.3059626519680023,0.0,0.0,0.0,0.0,,,,
uni_b,864,288,1,direct,dlinear,1.1432545185089111,False,,1.060808181762695,0.8527406454086304,,,,,0.0770854068502566,0.0147604940412587,0.1302463927698093,0.9862798161302544
uni_b,864,288,1,direct,segrnn_thuml,0.0670603811740875,False,,0.2323217242956161,0.1395940780639648,,,,,0.0175379636983721,0.0339005780471221,0.0176035693346108,0.3962726826875919
uni_b,864,288,1,direct,tide,0.0814404413104057,False,,0.2610140740871429,0.154078260064125,,,,,0.0144892822364478,0.0281798622009298,0.0145361724034377,0.3622961104140527
uni_b,864,288,1,direct,rlinear,0.0800249204039573,False,,0.2591228783130646,0.1534595191478729,,,,,0.0129264530946146,0.0251915568069036,0.0129702984455662,0.3731859018659295
uni_b,864,288,1,direct,patchmixer,0.078444167971611,False,,0.2664538025856018,0.1482686400413513,,,,,0.0111963320789021,0.0218438172484062,0.0112435470262695,0.425150795101444
uni_b,864,288,1,direct,xpatch,0.0769309699535369,False,,0.2563543319702148,0.15336574614048,,,,,0.0089942681865555,0.0175532959215218,0.0090520384961889,0.5291930085533656
uni_b,864,288,1,direct,itransformer,0.0749723389744758,False,,0.2510343492031097,0.1485652029514312,,,,,0.0022139252533628,0.0043802929169108,0.0022308341317622,0.5717227179135209
uni_b,864,288,1,direct,frets,0.1535465568304062,False,,0.3788272440433502,0.2752165198326111,,,,,0.0018441229319758,0.0035302124175743,0.0020556564515437,0.9477082575481992
uni_b,864,288,1,direct,patchtst,0.0760800093412399,False,,0.2501962780952453,0.1460793614387512,,,,,0.0005362631458439,0.0010645744647027,0.0005434083141472,0.6984126984126984
uni_b,864,288,1,direct,tsmixer,0.750947117805481,False,,0.8960950374603271,0.6868224740028381,,,,,0.0,0.0,0.0,0.0
multi,864,288,1,direct,segrnn_thuml,0.0429573282599449,False,,0.271526962518692,0.1444320380687713,0.6973074410291582,0.7378059797510962,0.7057145588420999,0.2024128847243989,0.0474704359703973,0.0825553127048829,0.0491101530978831,0.6310391363022942
multi,864,288,1,direct,dlinear,0.1974506974220276,False,,0.5194286704063416,0.3072566390037536,0.6594436575626834,0.6241639624478353,0.6800314400461687,0.3920768659424877,0.2101216381900392,0.09502738624271,0.2725529210191786,0.9214673610115778
multi,864,288,1,direct,rlinear,0.0584247186779975,False,,0.319780945777893,0.1715696305036544,0.6291735099151393,0.6320988105186862,0.6453647765266538,0.3483061573260811,0.1173146549379349,0.1606337536842022,0.1236831923948488,0.7250927495638928
multi,864,288,1,direct,tide,0.0594116263091564,False,,0.3216658532619476,0.1726960390806198,0.6276553990763936,0.6345987467241985,0.643320701452922,0.3415612558463144,0.1198009679986456,0.1634438916904463,0.1262256121151826,0.7227792478939574
multi,864,288,1,direct,patchtst,0.0539041645824909,False,,0.3042764067649841,0.1631564199924469,0.5785918311305562,0.5970473198152888,0.5945780082541923,0.3641777821528769,0.0731181993700912,0.1079991669166471,0.0782512573923616,0.7706519362076087
multi,864,288,1,direct,patchmixer,0.054945059120655,False,,0.3144782185554504,0.1708623468875885,0.4859229649527904,0.5503195561342189,0.4979624159267909,0.339957169025916,0.1027623886119766,0.1476294594910852,0.1080721826120599,0.7156474950919799
multi,864,288,1,direct,xpatch,0.0504439175128936,False,,0.2974052429199219,0.1583025753498077,0.4517440237508028,0.5646524884752383,0.4575116808504862,0.2117037976948667,0.0714464793662026,0.1078362962056409,0.0760459846349417,0.7559920195078697
multi,864,288,1,direct,itransformer,0.0763165280222892,False,,0.36283078789711,0.2053058445453643,0.4198584662701459,0.4053767039304943,0.4492315245471937,0.582097581487162,0.0718573697482548,0.1009414518759557,0.0783756148786823,0.8098924817674817
multi,864,288,1,direct,frets,0.0937008485198021,False,,0.3887984752655029,0.2430410087108612,0.1382041803058323,0.2158251400371924,0.1430050027911302,0.4169657893470625,0.0772563068776223,0.1134443988100337,0.0824655944287846,0.7639180069777929
multi,864,288,1,direct,tsmixer,0.5876910090446472,False,,0.8015375137329102,0.5981378555297852,0.0,0.0,0.0,0.0,0.0,0.0,0.0,0.0
uni_a,2016,144,1,direct,segrnn_thuml,0.0307653751224279,False,,0.2154366225004196,0.087566390633583,0.8495162410520259,0.8685497142177935,0.855170711601871,0.1031223454785803,,,,
uni_a,2016,144,1,direct,itransformer,0.0557909235358238,False,,0.3016575276851654,0.141549065709114,0.6958353389233488,0.7595911345406726,0.7026900736139866,0.1450300888671191,,,,
uni_a,2016,144,1,direct,dlinear,0.8663248419761658,False,,1.241031527519226,0.7817120552062988,0.5400724203216541,0.6237910267308828,0.5495959857372901,0.2315529898178333,,,,
uni_a,2016,144,1,direct,rlinear,17.199708938598633,False,,5.746291160583496,2.3351030349731445,0.4365070626143696,0.2470261009208152,0.5556633885438234,0.7885362644096917,,,,
uni_a,2016,144,1,direct,patchmixer,3.175654411315918,False,,2.379211664199829,1.0462385416030884,0.2849499481011643,0.1970335733246348,0.3753234989648033,0.8072150203583263,,,,
uni_a,2016,144,1,direct,tide,19.308115005493164,False,,6.079548358917236,2.314839124679565,0.064862471258117,0.0430059677727777,0.1743611494517291,0.9161103847741322,,,,
uni_a,2016,144,1,direct,frets,0.1842368692159652,False,,0.7417841553688049,0.4593636989593506,0.0013650323077795,0.0025673543001457,0.0016294762671574,0.7383609080415544,,,,
uni_a,2016,144,1,direct,tsmixer,0.1455496400594711,False,,0.5914962291717529,0.4286904335021972,0.0,0.0,0.0,0.0,,,,
uni_a,2016,144,1,direct,patchtst,0.1360398083925247,False,,0.5989211201667786,0.2593613862991333,-0.0019828043035602,-0.0036242141453541,0.0002420251514454,0.9937830850670936,,,,
uni_b,2016,144,1,direct,segrnn_thuml,0.0494794584810733,False,,0.2005428522825241,0.1264933198690414,,,,,0.0532593309436729,0.0975354895254426,0.0534407510449493,0.3871162861031302
uni_b,2016,144,1,direct,patchmixer,0.881332278251648,False,,1.6005311012268066,0.2977045476436615,,,,,0.0389463755715698,0.0432651877937652,0.0430110362468849,0.9461876010425946
uni_b,2016,144,1,direct,dlinear,0.3261147141456604,False,,0.5590728521347046,0.4097707569599151,,,,,0.0310270937399091,0.0260164623329069,0.0382774488733007,0.9724080903319012
uni_b,2016,144,1,direct,tide,0.0556154735386371,False,,0.2235282063484192,0.1318027228116989,,,,,0.0278839264720282,0.0528197981673959,0.0280059598370274,0.4477379095163806
uni_b,2016,144,1,direct,rlinear,0.0555811896920204,False,,0.2235397845506668,0.1319136619567871,,,,,0.0274897127207805,0.0519839413143809,0.0276235809126989,0.4741465863453815
uni_b,2016,144,1,direct,tsmixer,0.7627057433128357,False,,0.8750994801521301,0.7184256911277771,,,,,0.0,0.0,0.0,0.0
uni_b,2016,144,1,direct,patchtst,0.0577946975827217,False,,0.2212782055139541,0.1311275959014892,,,,,0.0,0.0,0.0,0.0
uni_b,2016,144,1,direct,frets,0.1417506784200668,False,,0.3673906922340393,0.2486239075660705,,,,,0.0,0.0,0.0,0.0
uni_b,2016,144,1,direct,itransformer,0.063895359635353,False,,0.2367579787969589,0.1414675265550613,,,,,0.0,0.0,0.0,0.0
multi,2016,144,1,direct,segrnn_thuml,0.0372198894619941,False,,0.2452558428049087,0.1286622136831283,0.8683888089778153,0.8604001437255216,0.8777644150464355,0.1393464437647656,0.0571653840602935,0.1004256879032375,0.0585044233016191,0.5081194867682438
multi,2016,144,1,direct,dlinear,0.0722313746809959,False,,0.3676913976669311,0.2146967351436615,0.6275261208783411,0.7458141962675388,0.6295600320705552,0.0466850042682348,0.1403904354768869,0.1501168069127112,0.1561508930061759,0.8199947772784123
multi,2016,144,1,direct,patchmixer,0.0579736307263374,False,,0.3274669945240021,0.1820088177919387,0.5761841388778788,0.6600724756515018,0.5855715908331663,0.1954975215715072,0.0881932337406288,0.1246156771083538,0.0949996423206237,0.7637991344044585
multi,2016,144,1,direct,frets,18.122100830078125,False,,19.030723571777344,3.0401132106781006,0.3611264298077478,0.3308897971762201,0.4127747711632257,0.654774752120812,0.0224069546714742,0.0388472074624121,0.024834871354651,0.815238602093312
multi,2016,144,1,direct,tide,0.0644489526748657,False,,0.3959708213806152,0.2301166504621505,0.1450416033953954,0.2114276292889662,0.1563439567047504,0.522856742324799,0.0961800503263305,0.1352004736516843,0.1029758924100436,0.7486540756045746
multi,2016,144,1,direct,rlinear,0.0642713233828544,False,,0.3966074883937835,0.2302310466766357,0.1238489362742644,0.1840867804227428,0.1347088594908799,0.5499581473214286,0.087602911281373,0.1245654239227223,0.0942246703388415,0.7602972399150744
multi,2016,144,1,direct,itransformer,0.068072572350502,False,,0.4277333915233612,0.2373310476541519,0.0167075900314024,0.0308948838234728,0.0167075900314024,0.0,0.0200430469640216,0.0349612211108634,0.0223668836588215,0.8242293638152347
multi,2016,144,1,direct,tsmixer,0.138601616024971,False,,0.6135894060134888,0.44365194439888,0.0,0.0,0.0,0.0,0.1526308722787904,0.1065403207267414,0.1901781243293511,0.8991005009867922
multi,2016,144,1,direct,patchtst,0.1555201262235641,False,,0.7068382501602173,0.3760559260845184,0.0,0.0,0.0,0.0,0.0,0.0,0.0,0.0
uni_a,2016,288,1,direct,segrnn_thuml,0.0578676797449588,False,,0.3188826143741607,0.1155124083161354,0.7482326052290398,0.7594936569977528,0.7603915743687221,0.2148818099009645,,,,
uni_a,2016,288,1,direct,itransformer,0.097402200102806,False,,0.400930792093277,0.1883422285318374,0.6157211307154634,0.6544608462852652,0.6299927546478497,0.2794050290844135,,,,
uni_a,2016,288,1,direct,dlinear,0.4531118273735046,False,,0.8493782877922058,0.550096333026886,0.4252951217563664,0.5160532897729729,0.4363979462742747,0.303362930853667,,,,
uni_a,2016,288,1,direct,rlinear,5.324896335601807,False,,3.198512077331543,1.262083649635315,0.2512456917579245,0.1657860402379834,0.3530163314492081,0.8314904867062375,,,,
uni_a,2016,288,1,direct,tide,4.26097583770752,False,,2.8985393047332764,1.1768245697021484,0.1683068212032991,0.10884036333087,0.2782765822460091,0.871199940691042,,,,
uni_a,2016,288,1,direct,patchmixer,26.65941047668457,False,,6.490421295166016,2.821014165878296,0.0930959992607824,0.0467763637967973,0.2592609740806599,0.916457963457214,,,,
uni_a,2016,288,1,direct,frets,0.1788065880537033,False,,0.7719048857688904,0.3649762272834778,0.0773520904672259,0.1281273086940086,0.0818174196285224,0.4829748537086826,,,,
uni_a,2016,288,1,direct,tsmixer,0.1405549794435501,False,,0.6210164427757263,0.3913990557193756,0.0,0.0,0.0,0.0,,,,
uni_a,2016,288,1,direct,patchtst,0.1532173305749893,False,,0.6322084069252014,0.2738582193851471,-0.0019810633361612,-0.0036271321036451,0.0001176274787801,0.9967361111111112,,,,
uni_b,2016,288,1,direct,dlinear,0.6480985879898071,False,,0.8011121153831482,0.6612476110458374,,,,,0.0599002665074426,0.0326325619842671,0.0733485095473706,0.97262975676552
uni_b,2016,288,1,direct,patchmixer,2.2640180587768555,False,,3.10870361328125,0.4086960256099701,,,,,0.0472648346121077,0.0366294276488644,0.0551514150503041,0.9651759115250502
uni_b,2016,288,1,direct,segrnn_thuml,0.0599470362067222,False,,0.2190412431955337,0.1386730521917343,,,,,0.018279192987569,0.0351710932128845,0.018362261495264,0.4671806626380496
uni_b,2016,288,1,direct,rlinear,0.0666424110531807,False,,0.2487634420394897,0.1487871557474136,,,,,0.0117142527723937,0.0229545417429428,0.0117340380458589,0.246309963099631
uni_b,2016,288,1,direct,tide,0.0672636926174163,False,,0.2508371472358703,0.1495440304279327,,,,,0.0114134215438893,0.0223749178179892,0.0114324287448026,0.2437054631828978
uni_b,2016,288,1,direct,tsmixer,1.4100240468978882,False,,1.2623836994171145,1.0159364938735962,,,,,0.0,0.0,0.0,0.0
uni_b,2016,288,1,direct,patchtst,0.0706257447600364,False,,0.243089348077774,0.143905833363533,,,,,0.0,0.0,0.0,0.0
uni_b,2016,288,1,direct,frets,0.1549219191074371,False,,0.3792439103126526,0.2579374611377716,,,,,0.0,0.0,0.0,0.0
uni_b,2016,288,1,direct,itransformer,0.0671492740511894,False,,0.2390602827072143,0.1486942917108535,,,,,0.0,0.0,0.0,0.0
multi,2016,288,1,direct,segrnn_thuml,0.0515190698206424,False,,0.3181696236133575,0.1628054678440094,0.6987001799379677,0.7678262163071866,0.7053802989578912,0.1262655200035601,0.023883166772183,0.0425274971493335,0.0255622845921171,0.7542292339859342
multi,2016,288,1,direct,dlinear,0.0862630903720855,False,,0.4099750220775604,0.2384067326784134,0.5932379795989173,0.6790483220545908,0.6016207586443829,0.1753411840023638,0.1161735188835088,0.1229373420206315,0.1323386953284084,0.850895429301179
multi,2016,288,1,direct,patchmixer,0.074142500758171,False,,0.3924327790737152,0.2139832079410553,0.554123504291639,0.5634631603223393,0.579363956645043,0.3993267341484537,0.0880274052979562,0.1227119950373436,0.0950331802276157,0.7749812757458494
multi,2016,288,1,direct,frets,161.0366973876953,False,,30.45233154296875,5.670162200927734,0.3657185865207313,0.2752814050476962,0.447972030798456,0.7369713797522426,0.0353117053517203,0.0259700073193151,0.0709338570120002,0.959119652114468
multi,2016,288,1,direct,rlinear,0.0901758596301078,False,,0.4929132461547851,0.2781353890895843,0.2153484317694615,0.2939365636044706,0.2284129005023049,0.4660406179300498,0.1003050306062109,0.1249058138989244,0.1107237704864017,0.8146804169194287
multi,2016,288,1,direct,tide,0.0930389463901519,False,,0.5058663487434387,0.2841772735118866,0.211371596284433,0.2889582351183127,0.2245305346168268,0.4721043184457819,0.1022273251061269,0.1251083550296329,0.1132081688600104,0.8192198006882254
multi,2016,288,1,direct,itransformer,0.078196533024311,False,,0.4626932144165039,0.2528713941574096,0.1163087278304609,0.1716843013570343,0.1282011555034613,0.5860143713790578,-0.0008124763644842,-0.0015350739902003,0.0,1.0
multi,2016,288,1,direct,tsmixer,0.3756592273712158,False,,0.906143069267273,0.6243090629577637,0.014848046259528,0.0241047051930758,0.0248884577643949,0.8602569436564671,0.1245008158827799,0.0578195251913174,0.1922410327716528,0.9427339756425056
multi,2016,288,1,direct,patchtst,0.099070630967617,False,,0.5833030343055725,0.3198639750480652,-0.0076482581891397,-0.0130058145428226,0.0001010448032657,0.9991462396600136,0.0027570711035146,0.0053656249098744,0.0028336639274582,0.5580678314491264
uni_a,288,144,2,direct,dlinear,0.0663064420223236,False,,0.2061319053173065,0.1338831931352615,0.8763393249272758,0.8247643830517027,0.8823587392277455,0.217909148285892,,,,
uni_a,288,144,2,direct,segrnn_thuml,0.0532480366528034,False,,0.187345951795578,0.1193374916911125,0.8535253303646309,0.8727734487933725,0.8559453667622312,0.1035203007331438,,,,
uni_a,288,144,2,direct,rlinear,0.0662180483341217,False,,0.1995315253734588,0.1261924654245376,0.8482479890858666,0.8424543893927365,0.8522117216403566,0.1596368203683578,,,,
uni_a,288,144,2,direct,tide,0.0663920417428016,False,,0.200069859623909,0.1266514509916305,0.8474929070998019,0.8429473376862648,0.8514019438066865,0.1579079182133951,,,,
uni_a,288,144,2,direct,patchmixer,0.0634011849761009,False,,0.1985448896884918,0.1274869889020919,0.8419668501564719,0.8513126272144824,0.8452058263217732,0.1353329079659034,,,,
uni_a,288,144,2,direct,patchtst,0.0691182762384414,False,,0.2048862129449844,0.1288551986217498,0.8352064472521387,0.8216851955207892,0.8399511924042329,0.1874614695414156,,,,
uni_a,288,144,2,direct,itransformer,0.0620343945920467,False,,0.1945294588804245,0.1210409551858902,0.8252937588951201,0.860978496468789,0.8274382979880462,0.0957215541809868,,,,
uni_a,288,144,2,direct,xpatch,0.0627571493387222,False,,0.1935559064149856,0.1211368069052696,0.8125203587131324,0.8561827606753983,0.8145022457951883,0.0903958072575892,,,,
uni_a,288,144,2,direct,tsmixer,0.126625508069992,False,,0.2829108834266662,0.181568369269371,0.3134572234422662,0.462564009044339,0.3140705908744071,0.0738710251289773,,,,
uni_a,288,144,2,direct,frets,0.143877625465393,False,,0.3037885427474975,0.1874946653842926,0.2290236928207365,0.3666080526869689,0.2290609126272659,0.006592645275885,,,,
uni_b,288,144,2,direct,dlinear,0.1636469066143036,False,,0.3906551897525787,0.3114183247089386,,,,,0.0325503763055896,0.0535096204392079,0.0336271280980719,0.8412738360274901
uni_b,288,144,2,direct,tide,0.0504211820662021,False,,0.2150369882583618,0.127832293510437,,,,,0.0247899585325361,0.0478303250077535,0.0248255892642553,0.1919636897610465
uni_b,288,144,2,direct,rlinear,0.0505075454711914,False,,0.2152432948350906,0.1279924064874649,,,,,0.0220179153425892,0.0426263843373912,0.0220489621484613,0.1890179514255544
uni_b,288,144,2,direct,segrnn_thuml,0.0475345812737941,False,,0.2079827040433883,0.1251878887414932,,,,,0.0205793493353561,0.039955650523091,0.0206011787335791,0.1492208672086721
uni_b,288,144,2,direct,itransformer,0.0482846610248088,False,,0.2129660099744796,0.1249386519193649,,,,,0.0134570148904963,0.0260390342241529,0.0135427219148473,0.5116107084750776
uni_b,288,144,2,direct,xpatch,0.0522108078002929,False,,0.2196822762489318,0.1276752054691314,,,,,0.0131489185706277,0.0257358137260403,0.0131653959256995,0.1716129032258064
uni_b,288,144,2,direct,patchmixer,0.0636064112186431,False,,0.2355546653270721,0.1464388370513916,,,,,0.0066071339620154,0.0130318889677296,0.0066155089184278,0.1732444900051255
uni_b,288,144,2,direct,patchtst,0.0483559146523475,False,,0.2139035612344741,0.1264235228300094,,,,,0.0051833442276777,0.0101822654450102,0.0052251446758072,0.5697399527186762
uni_b,288,144,2,direct,frets,0.0759807229042053,False,,0.2658563256263733,0.1927340477705001,,,,,0.0003299561292707,0.0006554925573607,0.0003322109252279,0.5290697674418605
uni_b,288,144,2,direct,tsmixer,0.5503143668174744,False,,0.7227700352668762,0.5198843479156494,,,,,0.0,0.0,0.0,0.0
multi,288,144,2,direct,segrnn_thuml,0.0428591445088386,False,,0.1873748302459716,0.1119265034794807,0.8569563813785696,0.8860082928389736,0.8578556527109363,0.081164038236599,0.0589293422301347,0.1068204151474065,0.0593419423812739,0.3534618184604774
multi,288,144,2,direct,xpatch,0.0474053472280502,False,,0.1910392642021179,0.1131277978420257,0.8495652016049728,0.8869879573022718,0.8503279935531003,0.0702783713566949,0.0667665840753703,0.1145280724424728,0.0678771381949133,0.5626430400398813
multi,288,144,2,direct,itransformer,0.0531490221619606,False,,0.201055034995079,0.1178662404417991,0.8321111027674437,0.8670925098370911,0.8331224534369658,0.0927994423258293,0.0636035156912325,0.0990257167060114,0.0662629417060544,0.7593675768179612
multi,288,144,2,direct,patchtst,0.0508004426956176,False,,0.198032259941101,0.1159152463078498,0.8320130500576194,0.8714947821995283,0.832907807828163,0.0830085736554949,0.0472078391087048,0.0806200207489464,0.0486298672068422,0.6969006181228354
multi,288,144,2,direct,tide,0.0499830693006515,False,,0.1974041163921356,0.1171425282955169,0.8299824343937034,0.8779879370172603,0.8306785060665627,0.0659536089022128,0.1092438412470592,0.1500015056142521,0.1135177526446095,0.7474967927657311
multi,288,144,2,direct,rlinear,0.0498875640332698,False,,0.1970313787460327,0.1164433807134628,0.829622386121594,0.8785667292217757,0.830298169110614,0.0641820628069147,0.1044920064637929,0.1457108570595783,0.1085415259959486,0.7457744390629634
multi,288,144,2,direct,patchmixer,0.0505476482212543,False,,0.1974959820508957,0.1153857260942459,0.8208857297903808,0.8786369202485529,0.8214261506134346,0.0525266477287534,0.0956642633574189,0.1483367956705747,0.0979877053792482,0.650887722243801
multi,288,144,2,direct,dlinear,0.0708558186888694,False,,0.2401639819145202,0.1685398072004318,0.8013314752768199,0.8510868675486439,0.8022737371683348,0.0900560367655852,0.1535213968592704,0.1676053318799691,0.1620139826693675,0.8047493515520369
multi,288,144,2,direct,tsmixer,0.4440174996852875,False,,0.6533345580101013,0.4419968724250793,0.5411742997657727,0.6998157810185197,0.5411742997657727,0.0,0.0,0.0,0.0,0.0
multi,288,144,2,direct,frets,0.069710336625576,False,,0.2317000180482864,0.1328364759683609,0.1927479909924158,0.3206246746393507,0.1927479909924158,0.0,0.0375974305960208,0.0679379172186597,0.0383222203466126,0.5979263522987234
uni_a,288,288,2,direct,dlinear,0.1237816214561462,False,,0.2617196142673492,0.154480442404747,0.8044317587400193,0.7414905267251322,0.8130830048620763,0.3073893725222306,,,,
uni_a,288,288,2,direct,tsmixer,0.1318760216236114,False,,0.2767693400382995,0.1793820410966873,0.7677868478404423,0.7254942542298314,0.7760203824350332,0.3067864346530028,,,,
uni_a,288,288,2,direct,patchtst,0.1228354945778846,False,,0.2530753016471863,0.1447603404521942,0.7559351316041399,0.7516446406717234,0.7619232495962142,0.2468856977769432,,,,
uni_a,288,288,2,direct,segrnn_thuml,0.0968130677938461,False,,0.2341463714838028,0.1385870724916458,0.7522265868508109,0.7991700133932887,0.7552095598476997,0.141450111037519,,,,
uni_a,288,288,2,direct,itransformer,0.1082596182823181,False,,0.2413792312145233,0.1382385045289993,0.7483672355155131,0.792592194912141,0.7515817292463366,0.1513909580128302,,,,
uni_a,288,288,2,direct,xpatch,0.112053170800209,False,,0.2421653270721435,0.1379809826612472,0.737206007808893,0.7647811767701341,0.7416289400027319,0.1992052365364933,,,,
uni_a,288,288,2,direct,rlinear,0.1395707875490188,False,,0.2643137574195862,0.1506356596946716,0.7371385292630318,0.7253227831508214,0.7440744209546629,0.2799611507894207,,,,
uni_a,288,288,2,direct,tide,0.1402016431093216,False,,0.264777660369873,0.1509856581687927,0.7360118784385532,0.7253697053841227,0.7428964775772162,0.2787857500348155,,,,
uni_a,288,288,2,direct,patchmixer,0.1309353709220886,False,,0.2580062448978424,0.1481774896383285,0.7348618174031232,0.7421877106675691,0.7405959140150293,0.2441153690480354,,,,
uni_a,288,288,2,direct,frets,0.1893949657678604,False,,0.3349180519580841,0.2044962495565414,0.2748181833877205,0.4217044123463909,0.2750860079812273,0.0390256083106861,,,,
uni_b,288,288,2,direct,tide,0.0611725635826587,False,,0.2332969456911087,0.1426204144954681,,,,,0.012057129871746,0.0236061982524413,0.0120781401613667,0.2222539229671897
uni_b,288,288,2,direct,rlinear,0.0612546987831592,False,,0.2334614396095276,0.1427565068006515,,,,,0.0100549190809455,0.0197472260244261,0.0100688090670234,0.1847533632286995
uni_b,288,288,2,direct,dlinear,0.1967021971940994,False,,0.4300536513328552,0.325831264257431,,,,,0.0090581150038562,0.0159782005895749,0.0097808123280327,0.9238871840844052
uni_b,288,288,2,direct,segrnn_thuml,0.0589210540056228,False,,0.2257023751735687,0.1415489315986633,,,,,0.0073813225280384,0.0145091880194161,0.0074059469111242,0.3532598181466435
uni_b,288,288,2,direct,xpatch,0.0599535591900348,False,,0.2307261079549789,0.1389296054840088,,,,,0.0073147178727255,0.0144097925836804,0.007326193968019,0.2046657046657046
uni_b,288,288,2,direct,patchmixer,0.0695667192339897,False,,0.2423678636550903,0.1494768857955932,,,,,0.0049277328102984,0.009707666239543,0.0049535439106412,0.4612048192771084
uni_b,288,288,2,direct,itransformer,0.0579462796449661,False,,0.2284556776285171,0.1383476704359054,,,,,0.0013279278978004,0.0026272348817136,0.0013491539541952,0.7210261108566194
uni_b,288,288,2,direct,patchtst,0.0586475431919097,False,,0.229719340801239,0.1398606896400451,,,,,0.0003076457956466,0.0006109123519896,0.0003123656938284,0.7128309572301426
uni_b,288,288,2,direct,tsmixer,0.3781701028347015,False,,0.5993817448616028,0.4409006834030151,,,,,0.0,0.0,0.0,0.0
uni_b,288,288,2,direct,frets,0.1007081642746925,False,,0.3012436032295227,0.2062832117080688,,,,,-3.438782961038104e-06,-6.832140944968198e-06,0.0,1.0
multi,288,288,2,direct,segrnn_thuml,0.0644591599702835,False,,0.2151403427124023,0.1273566335439682,0.7558507343822213,0.842031948539168,0.7562596377814926,0.0463282246832763,0.0372701663720438,0.0684425085487485,0.0377910346266488,0.50761408542878
multi,288,288,2,direct,xpatch,0.0693555399775505,False,,0.2210387885570526,0.1297788918018341,0.7547370095427317,0.828247748927862,0.7554608306667839,0.0792598612733727,0.0366521126432815,0.0660226422298261,0.0374645503790308,0.6186159019843065
multi,288,288,2,direct,rlinear,0.0742375552654266,False,,0.2253849804401397,0.1285735517740249,0.7513036028723847,0.8056717351511505,0.7525388173950089,0.1285192573763634,0.0643430200983706,0.0983968751617789,0.0674315542195674,0.7740586586573628
multi,288,288,2,direct,tide,0.0742256641387939,False,,0.2253872901201248,0.1285489797592163,0.7512089338569792,0.8057106719779612,0.7524415713114792,0.1282999737128694,0.0652992960312673,0.0998534436915924,0.0683762334922609,0.7709526490516221
multi,288,288,2,direct,patchmixer,0.0732453987002372,False,,0.2248779088258743,0.1271587014198303,0.7461894346327512,0.8105410879029797,0.7472157520132254,0.1098490385968009,0.0475947937945941,0.0827679699955268,0.0487949060729933,0.6478445150856059
multi,288,288,2,direct,patchtst,0.0775766745209693,False,,0.2288575619459152,0.129982590675354,0.7341531864470122,0.7924391879256291,0.7354420297573016,0.13603340178705,0.0473771350896971,0.0755889538029921,0.0499636810422768,0.7947527557555413
multi,288,288,2,direct,itransformer,0.0818284824490547,False,,0.2331783920526504,0.1320584416389465,0.7274273749960684,0.783783766130113,0.728826980694337,0.1471472773283191,0.0284901679688312,0.0489132842382249,0.030140871191339,0.8037829816133008
multi,288,288,2,direct,dlinear,0.209575742483139,False,,0.4101808071136474,0.2862555980682373,0.6990064995040673,0.7409810744425094,0.7010585930807096,0.2082282982751587,0.0299512893034956,0.0558277114176548,0.0303533757312088,0.49769820971867
multi,288,288,2,direct,frets,0.09705451130867,False,,0.2703979313373565,0.1504582315683365,0.2020626446153839,0.3337071058251435,0.2020634692771837,0.0003665437217933,4.4406939676294805e-05,8.763820247890706e-05,4.443276742730413e-05,0.0416666666666666
multi,288,288,2,direct,tsmixer,0.5940486788749695,False,,0.7749879956245422,0.5091959238052368,0.0,0.0,0.0,0.0,0.0,0.0,0.0,0.0
uni_a,864,144,2,direct,segrnn_thuml,0.0570919476449489,False,,0.1890117228031158,0.1179733425378799,0.8044544602995714,0.8486993226339428,0.8065718765419183,0.0969054278880325,,,,
uni_a,864,144,2,direct,dlinear,0.0820920914411544,False,,0.2173279076814651,0.1369089037179947,0.7898611031827554,0.8156209364268956,0.7933331165517017,0.1517419027146653,,,,
uni_a,864,144,2,direct,rlinear,0.0872014835476875,False,,0.2180205285549163,0.1339354366064071,0.7718380482072432,0.7922480712412306,0.7760254595888406,0.180702102665984,,,,
uni_a,864,144,2,direct,itransformer,0.0639060735702514,False,,0.1979159563779831,0.1207718327641487,0.7610940348502833,0.8151687436965441,0.7635515617467132,0.1162613745514405,,,,
uni_a,864,144,2,direct,tide,0.0924111008644104,False,,0.2222697138786316,0.1356728225946426,0.7512440125255313,0.7828824550198044,0.755205940193718,0.1765708771507937,,,,
uni_a,864,144,2,direct,xpatch,0.0748638659715652,False,,0.2070916444063186,0.1267784237861633,0.7427756783101047,0.8065886324069924,0.7450450081081043,0.1107152982152982,,,,
uni_a,864,144,2,direct,patchmixer,0.0953705310821533,False,,0.2283707112073898,0.1400831937789917,0.7185389333733789,0.7839652790366711,0.7211745228801231,0.1299648471679029,,,,
uni_a,864,144,2,direct,patchtst,0.1081945449113845,False,,0.2387954592704773,0.139698788523674,0.661117361394167,0.7281441678656488,0.6647033791072461,0.1806730889877176,,,,
uni_a,864,144,2,direct,tsmixer,0.1345710009336471,False,,0.2986387312412262,0.2031535506248474,0.5689741061931355,0.7142775574033458,0.5693076795835531,0.0233893166798035,,,,
uni_a,864,144,2,direct,frets,0.3501238226890564,False,,0.6155076026916504,0.2967327833175659,0.1711443116317674,0.2870197440486028,0.171172190121261,0.0066131162874654,,,,
uni_b,864,144,2,direct,dlinear,1.5302221775054932,False,,1.1662384271621704,1.0105584859848022,,,,,0.1227790516473077,0.0119722475037246,0.2544565649473679,0.9870421308858088
uni_b,864,144,2,direct,segrnn_thuml,0.0436488911509513,False,,0.2054243236780166,0.1244618594646453,,,,,0.0273337971428531,0.0525117105163898,0.0273821262448181,0.2062256809338521
uni_b,864,144,2,direct,tide,0.0514514110982418,False,,0.2193440198898315,0.1313457190990448,,,,,0.0245224631869404,0.0473913440325443,0.0245478903269438,0.1322992700729927
uni_b,864,144,2,direct,patchmixer,0.3271606862545013,False,,0.3743906617164612,0.1491133570671081,,,,,0.021263732684701,0.0400649671723108,0.0214916650748826,0.609547927218158
uni_b,864,144,2,direct,rlinear,0.051203180104494,False,,0.218804582953453,0.1316894441843032,,,,,0.02088369839918,0.0405651898858047,0.0208979726694991,0.091358024691358
uni_b,864,144,2,direct,xpatch,0.0572001188993454,False,,0.2256800830364227,0.1376598626375198,,,,,0.0180858174644026,0.0350709375774317,0.0181308498061465,0.2677231025854879
uni_b,864,144,2,direct,itransformer,0.0478902980685234,False,,0.2131305932998657,0.1261300593614578,,,,,0.0022019853159812,0.0043306285246554,0.0022560311404572,0.7790697674418605
uni_b,864,144,2,direct,patchtst,0.051935389637947,False,,0.2189886569976806,0.1309498399496078,,,,,0.0003150623604753,0.0006252200775942,0.0003200776446415,0.697560975609756
uni_b,864,144,2,direct,tsmixer,0.0865228772163391,False,,0.2788911461830139,0.1940703690052032,,,,,0.0,0.0,0.0,0.0
uni_b,864,144,2,direct,frets,0.1119681000709533,False,,0.3192656636238098,0.2414421588182449,,,,,0.0,0.0,0.0,0.0
multi,864,144,2,direct,segrnn_thuml,0.047290701419115,False,,0.1867022961378097,0.1083016544580459,0.8144491731016337,0.8964272005499632,0.8144551643486614,0.0006405985753087,0.077360461812845,0.1353935231827408,0.0781703216741105,0.3931827035449942
multi,864,144,2,direct,xpatch,0.056120678782463,False,,0.1943770349025726,0.1165024936199188,0.8127753322162512,0.8955615917684068,0.8127775689484749,0.0002397465536432,0.0414548722750336,0.07394765094301,0.0424850705073518,0.6026284909645623
multi,864,144,2,direct,rlinear,0.0554359145462513,False,,0.1957794427871704,0.113684706389904,0.7916367629822437,0.8825107708376942,0.7916370825154185,3.5171328333142825e-05,0.0915654853764321,0.1382749834866058,0.0950569578963215,0.6967096309342726
multi,864,144,2,direct,patchmixer,0.0552113093435764,False,,0.1951179355382919,0.1141381412744522,0.788833530949438,0.8796421622896465,0.788859652786479,0.0028771787810264,0.0979573844793472,0.1505552160485968,0.1009785717870226,0.6517118426974071
multi,864,144,2,direct,tide,0.0561719834804534,False,,0.1971671879291534,0.1140564307570457,0.7888248479026577,0.8807543457443807,0.7888248479026577,0.0,0.0910135379732183,0.1392140875557057,0.0942439905655643,0.681910569105691
multi,864,144,2,direct,dlinear,0.0961326882243156,False,,0.2614524364471435,0.1799895316362381,0.7408150988283467,0.7581642287503183,0.7432304500967576,0.2206894538235272,0.1737514102214196,0.1489287270899736,0.192086114317258,0.8565200767685249
multi,864,144,2,direct,itransformer,0.0768428817391395,False,,0.2155471593141555,0.1281604319810867,0.6955825641454009,0.8187774482320143,0.6955825641454009,0.0,0.0523220934329928,0.075370645607795,0.0574547096903698,0.8481867002585692
multi,864,144,2,direct,tsmixer,0.4706872999668121,False,,0.579582929611206,0.4228296875953674,0.6127578681067599,0.5852041833497171,0.6182321903409487,0.4355389181596893,0.0,0.0,0.0,0.0
multi,864,144,2,direct,patchtst,0.0786787644028663,False,,0.2244579195976257,0.1271671503782272,0.4951613223159026,0.6597645264785739,0.4951621211488396,0.0001405599910041,0.0075481851147753,0.0139840453052309,0.0084458272695337,0.8692307692307693
multi,864,144,2,direct,frets,0.1313015818595886,False,,0.2836847603321075,0.1819858700037002,0.2976087441233466,0.4554224276115006,0.2976235225326817,0.0043082368831652,0.0591690878552773,0.0808647430027294,0.0653936869573944,0.8561795024612057
uni_a,864,288,2,direct,rlinear,0.1546056419610977,False,,0.2620461583137512,0.1515971571207046,0.7065519851968323,0.7359657294713073,0.7116948097574122,0.2247538931065605,,,,
uni_a,864,288,2,direct,tide,0.1529335975646972,False,,0.2624690532684326,0.1521893590688705,0.7043945644547117,0.737445093062243,0.7093478588685226,0.2188431054387488,,,,
uni_a,864,288,2,direct,segrnn_thuml,0.1039616465568542,False,,0.2248145937919616,0.1335804164409637,0.6857834805296842,0.7588858282749824,0.6886199351259782,0.1418191232654334,,,,
uni_a,864,288,2,direct,itransformer,0.1326089948415756,False,,0.2623683512210846,0.1576561331748962,0.6785469272504843,0.6974321309986927,0.6850136838626673,0.2747027550361789,,,,
uni_a,864,288,2,direct,xpatch,0.1222682446241378,False,,0.2437332272529602,0.1399968415498733,0.6432196844358767,0.7235944983369754,0.6463555686743818,0.1629328156114343,,,,
uni_a,864,288,2,direct,tsmixer,0.2125210762023925,False,,0.3628183901309967,0.2369403690099716,0.6047023829152531,0.6576186941508431,0.6103018791649154,0.2690584424317646,,,,
uni_a,864,288,2,direct,dlinear,0.2120802998542785,False,,0.3214611113071441,0.1945140063762664,0.5875684076369438,0.692173116075777,0.5900600293248546,0.1448698023525199,,,,
uni_a,864,288,2,direct,patchtst,0.1798975318670272,False,,0.2889005839824676,0.161416620016098,0.5793107416974507,0.6401868955887754,0.5847982392253618,0.273502876764472,,,,
uni_a,864,288,2,direct,patchmixer,0.1913465112447738,False,,0.3090475797653198,0.1841324120759964,0.5382371707881742,0.6337383055636732,0.5419499424090657,0.2155951746580153,,,,
uni_a,864,288,2,direct,frets,1.6510649919509888,False,,0.954658031463623,0.5452893376350403,0.1341273957049031,0.133298834755998,0.1554947205636532,0.8464627888539615,,,,
uni_b,864,288,2,direct,dlinear,1.128846526145935,False,,1.0184855461120603,0.759328305721283,,,,,0.0541714433283207,0.0189053044909832,0.0853459317706722,0.9820546834248696
uni_b,864,288,2,direct,tide,0.0668600648641586,False,,0.2446567416191101,0.1503831446170807,,,,,0.0120379878023454,0.023590393447649,0.012051014419004,0.1393764195746438
uni_b,864,288,2,direct,segrnn_thuml,0.0550144389271736,False,,0.2220844775438308,0.1377061456441879,,,,,0.0106335742437157,0.0207106382145116,0.0106978774832809,0.4738339021615472
uni_b,864,288,2,direct,rlinear,0.0659773200750351,False,,0.2427924871444702,0.1498605906963348,,,,,0.0101150365602238,0.0198754725237998,0.0101225051537747,0.099537037037037
uni_b,864,288,2,direct,xpatch,0.0641005411744117,False,,0.2373020052909851,0.1474392563104629,,,,,0.001812795154143,0.0035935439794772,0.001815747853919,0.1959026888604353
uni_b,864,288,2,direct,itransformer,0.0581003166735172,False,,0.2296052724123001,0.140475645661354,,,,,0.000782215890279,0.0015452462040089,0.0008153517433203,0.8589294647323662
uni_b,864,288,2,direct,patchmixer,1.1229957342147827,False,,0.6892685294151306,0.2456516921520233,,,,,0.0005969723086222,0.0006379123418221,0.0063666827616715,0.9926885390691668
uni_b,864,288,2,direct,tsmixer,0.1619348376989364,False,,0.3780323266983032,0.2923376560211181,,,,,0.0,0.0,0.0,0.0
uni_b,864,288,2,direct,frets,0.1228613927960395,False,,0.3380392789840698,0.2442395389080047,,,,,0.0,0.0,0.0,0.0
uni_b,864,288,2,direct,patchtst,0.0637822672724723,False,,0.2388104349374771,0.1459056288003921,,,,,0.0,0.0,0.0,0.0
multi,864,288,2,direct,segrnn_thuml,0.0748377963900566,False,,0.2195990234613418,0.1224114820361137,0.6636886102403344,0.796124806650779,0.6636886102403344,0.0,0.0458205422763165,0.081313117177885,0.046935943799233,0.5798841160795052
multi,864,288,2,direct,dlinear,0.1116765514016151,False,,0.2602716088294983,0.1613274365663528,0.6405095747931023,0.6614303613578651,0.6436476837338906,0.3123822636085826,0.0991111725817942,0.1090060854404432,0.1112325055446907,0.8635638761206631
multi,864,288,2,direct,xpatch,0.0810027346014976,False,,0.2217578142881393,0.1272859722375869,0.6387016718913271,0.7776814675137309,0.6387016718913271,0.0,0.0230019978733827,0.0414739760504184,0.0241972489593462,0.7415392694596803
multi,864,288,2,direct,rlinear,0.0790659040212631,False,,0.2233970016241073,0.1262786388397216,0.6321838613201143,0.7727768469853976,0.632183908045977,6.887004910434501e-06,0.0629326944381681,0.0966039261257925,0.066787575522512,0.7702441132805893
multi,864,288,2,direct,tide,0.0804651379585266,False,,0.2274082750082016,0.1269120424985885,0.6071575978405407,0.7535819672647299,0.6071577847439916,2.8682882055988983e-05,0.0559271140983484,0.0904009890238548,0.0587709906149963,0.7375719582398282
multi,864,288,2,direct,patchmixer,0.0842351242899894,False,,0.2376953363418579,0.1321261078119278,0.5878516533646836,0.7379599682516349,0.5878613723441309,0.0015381429881385,0.0528104452555198,0.0863286635086658,0.0554687585355461,0.735700248578159
multi,864,288,2,direct,patchtst,0.0992875769734382,False,,0.2438279092311859,0.1354164183139801,0.4603365306842231,0.6262458493585528,0.4603796586555207,0.0086534224613971,0.0205626462814005,0.0367084348014537,0.0219902981568683,0.7903931267898985
multi,864,288,2,direct,itransformer,0.1054800376296043,False,,0.2509504556655884,0.1429502218961715,0.3597962382445141,0.5265309894792041,0.3597962382445141,0.0,0.0142807917426198,0.0219810310527803,0.0188983819335948,0.9341749752644798
multi,864,288,2,direct,frets,0.1722429990768432,False,,0.3120920956134796,0.178405076265335,0.0043234064785788,0.0085189519741968,0.0043234064785788,0.0,0.0042327214904034,0.008125093401404,0.0045859782145549,0.8173212925688174
multi,864,288,2,direct,tsmixer,0.3757855594158172,False,,0.4604078233242035,0.3376248478889465,0.0,0.0,0.0,0.0,0.0172523176314244,0.0262805799348994,0.0220531197762457,0.9267086045223896
uni_a,2016,144,2,direct,rlinear,0.2278354316949844,False,,0.370257019996643,0.1950767338275909,0.822378911953069,0.6361002141809801,0.85350920787432,0.4701327528431734,,,,
uni_a,2016,144,2,direct,tide,0.2048302292823791,False,,0.3491795659065246,0.1901859790086746,0.8207103140638007,0.6283047991876773,0.8530087799221403,0.4794648930860261,,,,
uni_a,2016,144,2,direct,segrnn_thuml,0.0460271202027797,False,,0.1629800945520401,0.0848656967282295,0.7596949956938125,0.8274672490133508,0.7624382230321102,0.080481490422636,,,,
uni_a,2016,144,2,direct,patchmixer,0.4867821335792541,False,,0.6332073211669922,0.3389675915241241,0.4029750523694843,0.3455221242157312,0.4402420000552196,0.6731233439763019,,,,
uni_a,2016,144,2,direct,tsmixer,0.1813082545995712,False,,0.3865332901477813,0.2374717444181442,0.2533407879842071,0.3946013335638082,0.2533407879842071,0.0,,,,
uni_a,2016,144,2,direct,dlinear,1.7205308675765991,False,,1.1910215616226196,0.5740675926208496,0.2453937906632176,0.1671530344240231,0.3137372649714238,0.8412493844235585,,,,
uni_a,2016,144,2,direct,itransformer,0.1195467710494995,False,,0.3616065382957458,0.1918715536594391,0.2343302770908123,0.2544341850862111,0.2580551644164665,0.6910247933884297,,,,
uni_a,2016,144,2,direct,patchtst,0.3090061545372009,False,,0.4997264146804809,0.2654154896736145,0.1468070180720325,0.1722165984714458,0.1683439631132831,0.7568200853507757,,,,
uni_a,2016,144,2,direct,frets,0.4497169256210327,False,,0.7226107716560364,0.3853212893009186,0.0280283125031642,0.0496561977753894,0.0305364587647367,0.6664530478380518,,,,
uni_b,2016,144,2,direct,segrnn_thuml,0.0387908071279525,False,,0.1811534166336059,0.1171655505895614,,,,,0.0258032839343968,0.0494895130774578,0.0258726705136694,0.2905317769130999
uni_b,2016,144,2,direct,patchmixer,0.061448186635971,False,,0.20453841984272,0.1281228512525558,,,,,0.0150365947699681,0.0291120328490178,0.0151120991391542,0.4327563249001331
uni_b,2016,144,2,direct,dlinear,0.347953587770462,False,,0.5410691499710083,0.4377939701080322,,,,,0.0120113600052516,0.0184201180495095,0.0138823195534954,0.953659114233836
uni_b,2016,144,2,direct,tide,0.0513309501111507,False,,0.1931672394275665,0.1167144328355789,,,,,0.0098968253388636,0.0193698521223142,0.009932835114937,0.3563218390804598
uni_b,2016,144,2,direct,rlinear,0.0511575154960155,False,,0.1928063631057739,0.1162665486335754,,,,,0.0090216585579208,0.017702988092959,0.0090459748368177,0.2910101946246524
uni_b,2016,144,2,direct,itransformer,0.0529718026518821,False,,0.1943346112966537,0.1139449924230575,,,,,9.65647310598913e-06,1.918079720865794e-05,1.1824803708258444e-05,0.9655172413793104
uni_b,2016,144,2,direct,tsmixer,0.2561853528022766,False,,0.409704327583313,0.3408358693122864,,,,,0.0,0.0,0.0,0.0
uni_b,2016,144,2,direct,frets,0.1378578096628189,False,,0.3094614446163177,0.2249605804681778,,,,,0.0,0.0,0.0,0.0
uni_b,2016,144,2,direct,patchtst,0.0532244592905044,False,,0.1935306191444397,0.117307461798191,,,,,-7.744037865247545e-08,-1.5387124330891858e-07,0.0,1.0
multi,2016,144,2,direct,tide,1.7772021293640137,False,,0.8194096684455872,0.4570480585098266,0.834660653382113,0.6847327530117517,0.8544732765298219,0.4118888419930248,0.1511915605287949,0.0489150675053757,0.2694792811791892,0.948989797110066
multi,2016,144,2,direct,segrnn_thuml,0.0603861398994922,False,,0.1840943098068237,0.1025442779064178,0.8326572882064835,0.8901772758687228,0.8337367673638006,0.0376358607072673,0.0797907600037269,0.1345465183486497,0.0817871805801718,0.5084940002696507
multi,2016,144,2,direct,rlinear,1.5854246616363523,False,,0.7738572955131531,0.4279060363769531,0.8229771712701266,0.6799961790745541,0.8425881099922541,0.4128036437246963,0.1575704903322566,0.0522419466590216,0.2721827115069661,0.9469406230934246
multi,2016,144,2,direct,dlinear,0.1449627429246902,False,,0.2782852947711944,0.1520921736955642,0.5043732248902659,0.663307701302351,0.5043732248902659,0.0,0.0002091634319539,0.0004085355558512,0.0002131335113185,0.4411764705882353
multi,2016,144,2,direct,patchtst,0.1362565159797668,False,,0.2760125994682312,0.1482103168964386,0.400432481280661,0.5638772293159068,0.400432481280661,0.0,0.0158763813259915,0.0288597801002954,0.0173199021829358,0.7793655330094312
multi,2016,144,2,direct,itransformer,0.1613662838935852,False,,0.2875123620033264,0.151220753788948,0.3496159308029951,0.5099607659115322,0.3496159308029951,0.0,0.0001359158284084,0.0002608239994254,0.0005720952145917,0.9699823425544438
multi,2016,144,2,direct,frets,29.4572868347168,False,,3.44020676612854,0.468566358089447,0.3491900968181915,0.5065439651868316,0.3494545571908081,0.0223476297968397,0.0347431040263958,0.0352598353313775,0.0563008996477688,0.9419567480050884
multi,2016,144,2,direct,patchmixer,0.5159952044487,False,,0.5456386804580688,0.3048262000083923,0.0529784291355222,0.0976052775340362,0.0530193002840175,0.0227543129089827,0.0361147225505944,0.0562597358822872,0.0414264240683822,0.8445837892433297
multi,2016,144,2,direct,tsmixer,0.5098864436149597,False,,0.5782999396324158,0.408662348985672,0.0,0.0,0.0,0.0,0.0,0.0,0.0,0.0
uni_a,2016,288,2,direct,segrnn_thuml,0.0961614623665809,False,,0.2239920347929,0.1120072454214096,0.7259764449047501,0.7801409319745113,0.7312734329503129,0.1446366796248773,,,,
uni_a,2016,288,2,direct,patchmixer,2.065678119659424,False,,1.3294886350631714,0.7546128630638123,0.4245336108567028,0.2212458736840882,0.5270375120738524,0.8195019546784542,,,,
uni_a,2016,288,2,direct,tide,1.2441192865371704,False,,1.0567283630371094,0.5278879404067993,0.3217717497437399,0.214125583205729,0.3927815516813664,0.8084410263362699,,,,
uni_a,2016,288,2,direct,rlinear,1.2806448936462402,False,,1.0811715126037598,0.5336897969245911,0.3186152867522605,0.2100584241001547,0.3909623366181249,0.8120233204978108,,,,
uni_a,2016,288,2,direct,itransformer,0.1437342464923858,False,,0.3975338935852051,0.2152631729841232,0.2247689217038612,0.2562431770182364,0.2460708297485647,0.668968830843004,,,,
uni_a,2016,288,2,direct,tsmixer,0.3520661294460296,False,,0.5955033302307129,0.3709151744842529,0.1771904915223522,0.2922880731039492,0.1771904915223522,0.0,,,,
uni_a,2016,288,2,direct,patchtst,0.3358721435070038,False,,0.5281096696853638,0.2787399590015411,0.0766687961095088,0.0918139420127137,0.1004386173261761,0.8467347881183015,,,,
uni_a,2016,288,2,direct,frets,0.500111997127533,False,,0.732340395450592,0.4340873062610626,0.0,0.0,0.0,0.0,,,,
uni_a,2016,288,2,direct,dlinear,3.189047574996948,False,,1.6926404237747192,0.9553799629211426,-0.0269334202006554,-0.0151685645362652,0.0818224523511683,0.9687776726724407,,,,
uni_b,2016,288,2,direct,patchmixer,1.5595982074737549,False,,0.8523277640342712,0.3379921317100525,,,,,0.0458641619270346,0.0188245860496869,0.0697585985340204,0.9820712130071328
uni_b,2016,288,2,direct,dlinear,0.6710534691810608,False,,0.7670385241508484,0.607764482498169,,,,,0.0266990976828523,0.0180945891098975,0.038695042156747,0.9802278056951425
uni_b,2016,288,2,direct,segrnn_thuml,0.0495892390608787,False,,0.1946743428707122,0.128443107008934,,,,,0.0128368411018294,0.0246855592287067,0.0129682808176966,0.6184413580246914
uni_b,2016,288,2,direct,rlinear,0.064383864402771,False,,0.2086099535226822,0.1261159926652908,,,,,0.0076013146492399,0.0149399358307405,0.0076249295202129,0.3312248418631397
uni_b,2016,288,2,direct,tide,0.0667851492762565,False,,0.2099652290344238,0.1285984814167022,,,,,0.0067507057274185,0.0132145569016389,0.0068053971126234,0.5623946037099494
uni_b,2016,288,2,direct,frets,0.2221603840589523,False,,0.4363487660884857,0.3382240533828735,,,,,0.0001130860476654,0.0002240991141734,0.0001311251852143,0.9565217391304348
uni_b,2016,288,2,direct,tsmixer,1.0432870388031006,False,,0.9825268983840942,0.8193021416664124,,,,,0.0,0.0,0.0,0.0
uni_b,2016,288,2,direct,patchtst,0.058857936412096,False,,0.202294185757637,0.1211717203259468,,,,,0.0,0.0,0.0,0.0
uni_b,2016,288,2,direct,itransformer,0.0824196562170982,False,,0.2244857549667358,0.1405290067195892,,,,,0.0,0.0,0.0,0.0
multi,2016,288,2,direct,rlinear,5.26835823059082,False,,1.345412015914917,0.7991978526115417,0.776967286828777,0.4265194086837776,0.8340069163784842,0.6905635034189458,0.2003819034655924,0.0301744350039412,0.4900906085393997,0.9609770535218328
multi,2016,288,2,direct,tide,5.190531253814697,False,,1.33583664894104,0.7938635945320129,0.7741540037543082,0.4285678042386996,0.8303404024832298,0.688279795825795,0.1978161315945175,0.0301119559879235,0.4841537820110045,0.9609951792751408
multi,2016,288,2,direct,segrnn_thuml,0.1014201343059539,False,,0.2215397953987121,0.1220692321658134,0.7143391874374739,0.8291134334115976,0.7143406061784463,6.480293427686405e-05,0.0462539034819383,0.0750995015567195,0.0501606055445614,0.7644041150674352
multi,2016,288,2,direct,dlinear,0.1827278882265091,False,,0.322214812040329,0.1958876997232437,0.4907017763148757,0.6515283717069613,0.4907017763148757,0.0,0.0519107295584875,0.04707546738169,0.0790696035656192,0.9346790468428612
multi,2016,288,2,direct,frets,55.54115295410156,False,,3.133566379547119,0.4477325081825256,0.3402267472773482,0.4985675982654338,0.3403608182992375,0.0126903553299492,0.0170035514377523,0.0148025685020124,0.0471892561643755,0.9638311279143036
multi,2016,288,2,direct,tsmixer,0.5788688063621521,False,,0.5938246846199036,0.4450686573982239,0.1858024434167094,0.3069201187764069,0.1858024434167094,0.0,0.0144068796232437,0.0185435414152896,0.0267949945094631,0.9506419894642336
multi,2016,288,2,direct,patchmixer,0.4833755493164062,False,,0.4964634478092193,0.301482081413269,0.1205310535236326,0.2089738672547477,0.1207171923392081,0.0479041916167664,0.0095189045469157,0.0166265297131226,0.0122024980474828,0.901591210456526
multi,2016,288,2,direct,patchtst,0.2122394293546676,False,,0.3333401679992676,0.1645905077457428,0.1104305839108555,0.1941308279943369,0.1104305839108555,0.0,0.000490239540829,0.0009526110920266,0.0006048398935951,0.8875545851528385
multi,2016,288,2,direct,itransformer,0.2238938957452774,False,,0.3396923243999481,0.1709904223680496,0.0060367855043076,0.0116484282632721,0.0060367855043076,0.0,0.0,0.0,0.0,0.0
uni_a,288,144,3,direct,xpatch,0.0403235517442226,False,,0.237328216433525,0.1376290023326873,0.7605574234523621,0.7456780412583344,0.7676940639269406,0.2625264614343259,,,,
uni_a,288,144,3,direct,segrnn_thuml,0.0358854457736015,False,,0.2196325361728668,0.1319003999233245,0.7580928117939153,0.8092574747114808,0.7609449153420512,0.1255124247178501,,,,
uni_a,288,144,3,direct,dlinear,0.0406223684549331,False,,0.2339573204517364,0.1436020582914352,0.7492059617493254,0.7434574339363625,0.755992718932847,0.2558240349658849,,,,
uni_a,288,144,3,direct,rlinear,0.0395601727068424,False,,0.2371251285076141,0.1377889215946197,0.680691504595475,0.7252627136509732,0.6856059036053026,0.2153686669644516,,,,
uni_a,288,144,3,direct,tide,0.0398760996758937,False,,0.2379440069198608,0.1383112519979477,0.6772286521724084,0.7241715230151348,0.6820551744623823,0.2132050080336126,,,,
uni_a,288,144,3,direct,patchtst,0.0411958843469619,False,,0.2434366047382354,0.1397268772125244,0.6490279047953845,0.7067730262185119,0.6536899260149628,0.214516431944368,,,,
uni_a,288,144,3,direct,patchmixer,0.0400781780481338,False,,0.2382598519325256,0.1390701681375503,0.6424972474573083,0.7222391802985247,0.6458251300437279,0.1648023263215375,,,,
uni_a,288,144,3,direct,itransformer,0.0365010611712932,False,,0.2249011397361755,0.130584642291069,0.6369248960343113,0.7364654668572258,0.6391010230797395,0.1153475618793537,,,,
uni_a,288,144,3,direct,tsmixer,0.0723900273442268,False,,0.2825718820095062,0.2032001465559005,0.3633143442382769,0.5214353516176512,0.3636690982944066,0.0360093113322209,,,,
uni_a,288,144,3,direct,frets,0.0634639337658882,False,,0.2700264453887939,0.1738428473472595,0.3563530762067998,0.5125567132254173,0.3568059671592094,0.0463522205630857,,,,
uni_b,288,144,3,direct,tide,0.0465608052909374,False,,0.2078030407428741,0.1245416551828384,,,,,0.1343699940740586,0.2088453847385074,0.1354846996749236,0.518353296568197
uni_b,288,144,3,direct,rlinear,0.0466915555298328,False,,0.2080705612897873,0.1247738301753997,,,,,0.1295019459365811,0.2025794460723202,0.1305904400552004,0.5215974903474904
uni_b,288,144,3,direct,itransformer,0.0442955791950225,False,,0.2017572671175003,0.1187087818980217,,,,,0.1271221304790686,0.2004043931713612,0.1281531909848133,0.5127662505165353
uni_b,288,144,3,direct,patchtst,0.045216791331768,False,,0.2039055079221725,0.1198089197278022,,,,,0.0968287832990312,0.1571344279959915,0.0978127336383188,0.5681923926951262
uni_b,288,144,3,direct,xpatch,0.0478491932153701,False,,0.2103858441114425,0.1244071424007415,,,,,0.0784627564518966,0.1352232993517727,0.0790360350568636,0.4868598310702448
uni_b,288,144,3,direct,patchmixer,0.0502322316169738,False,,0.2133767008781433,0.1239470243453979,,,,,0.0709300030324104,0.122708194134567,0.0715266730562115,0.5217994451050337
uni_b,288,144,3,direct,segrnn_thuml,0.0443726293742656,False,,0.2001947313547134,0.1214430928230285,,,,,0.0691677031531312,0.1255538940907889,0.0693627911112867,0.2689530685920577
uni_b,288,144,3,direct,dlinear,0.0943208038806915,False,,0.2983422577381134,0.2092892974615097,,,,,0.0685303115482506,0.112080290609124,0.0696559197156981,0.6788453069715882
uni_b,288,144,3,direct,frets,0.0712256878614425,False,,0.258533626794815,0.1576254218816757,,,,,0.0039563526034961,0.0077601690925458,0.0040181673863138,0.6680272108843538
uni_b,288,144,3,direct,tsmixer,0.3724087476730346,False,,0.6164643168449402,0.5268856287002563,,,,,0.0,0.0,0.0,0.0
multi,288,144,3,direct,segrnn_thuml,0.0346328057348728,False,,0.1815275996923446,0.1096961200237274,0.7326805710710068,0.7278881991305295,0.7353894959464222,0.2742610162711216,0.0214692667379984,0.0411222665823522,0.0215653295855125,0.444400474871389
multi,288,144,3,direct,patchtst,0.038478747010231,False,,0.1934261918067932,0.1101848930120468,0.6570066841184953,0.6213038333776081,0.6614381388790976,0.4073454111906388,0.0060223633985669,0.0115782641500173,0.006182368346274,0.822921249450066
multi,288,144,3,direct,tide,0.0389034934341907,False,,0.1913928836584091,0.1101764068007469,0.6083400447294216,0.6172625739693981,0.6118390905886499,0.3697613622954242,0.0430174554633576,0.0732302329631308,0.0437220161432773,0.7431652079761797
multi,288,144,3,direct,rlinear,0.0387666933238506,False,,0.1910872608423233,0.1097687259316444,0.6057222036252811,0.6168113696940765,0.6091778286922805,0.3678692751887124,0.0392015714466057,0.068002560742557,0.0398052361971906,0.7314090273099445
multi,288,144,3,direct,xpatch,0.0378933511674404,False,,0.1908083409070968,0.1094420030713081,0.5659156707509218,0.6201949541429818,0.5683997180119845,0.3095556673553055,0.0137265832549008,0.0264813459131705,0.0138239292214823,0.5583905789990187
multi,288,144,3,direct,patchmixer,0.0427357777953147,False,,0.2058246433734893,0.1127858757972717,0.5383957973392871,0.5761076947385998,0.5415756080366585,0.3759151883180844,0.0165067425110967,0.0318871168132638,0.0165810351051002,0.4458418891170431
multi,288,144,3,direct,dlinear,0.0634757131338119,False,,0.2459388375282287,0.173950582742691,0.4973366435649343,0.5388404170299111,0.500687345787804,0.4070742435547578,0.0559671778791598,0.0798038214016102,0.0578685037132609,0.8550654946238627
multi,288,144,3,direct,itransformer,0.0430556200444698,False,,0.2043160945177078,0.1155933365225792,0.484250616395472,0.5197836929622144,0.48789654564681,0.4339498221077168,0.004408398095174,0.0084754678010914,0.0045772565644463,0.8688380281690141
multi,288,144,3,direct,frets,0.0488065257668495,False,,0.2079037278890609,0.130279079079628,0.2346169054326473,0.3696638055417836,0.2348827987310539,0.1040504201680672,0.0,0.0,0.0,0.0
multi,288,144,3,direct,tsmixer,0.3010906875133514,False,,0.5278266072273254,0.384458065032959,0.056990145308989,0.1068816707655594,0.0569924215720831,0.00408068986757,0.0,0.0,0.0,0.0
uni_a,288,288,3,direct,dlinear,0.0698160976171493,False,,0.3198320865631103,0.1704622209072113,0.5934117201594082,0.5774862948563441,0.6050744638455521,0.427347207703465,,,,
uni_a,288,288,3,direct,segrnn_thuml,0.0550259798765182,False,,0.2864303886890411,0.1566648334264755,0.5624192636693358,0.6536317442102917,0.5662233767767265,0.2064208100552881,,,,
uni_a,288,288,3,direct,xpatch,0.0583211071789264,False,,0.2976647913455963,0.1568635404109954,0.5289877989148276,0.6027794944412246,0.534519047689333,0.2860422095097901,,,,
uni_a,288,288,3,direct,itransformer,0.0585163757205009,False,,0.2957637310028076,0.1578849256038665,0.4990018025869989,0.5997559174842285,0.5029323060422233,0.2322911964984562,,,,
uni_a,288,288,3,direct,patchtst,0.063654750585556,False,,0.312078595161438,0.1644375622272491,0.4845524979619987,0.5597766061871843,0.4905841488194516,0.3224999218630034,,,,
uni_a,288,288,3,direct,patchmixer,0.0648363456130027,False,,0.3138018846511841,0.1670742183923721,0.4392325400235732,0.5165084252012242,0.4456180228582111,0.356826298107615,,,,
uni_a,288,288,3,direct,rlinear,0.0691323950886726,False,,0.3233965039253235,0.1691304743289947,0.4326682281485143,0.4927127875321959,0.4406532744904134,0.4123113688528785,,,,
uni_a,288,288,3,direct,tide,0.0694877803325653,False,,0.3241397142410278,0.1695843338966369,0.4297032498068895,0.491575873928695,0.4375561492327297,0.4099788232296963,,,,
uni_a,288,288,3,direct,frets,0.1010677888989448,False,,0.3441280126571655,0.2251956164836883,0.2819670800588623,0.4151895702035928,0.2834595307326337,0.1693303632575675,,,,
uni_a,288,288,3,direct,tsmixer,0.1225971803069114,False,,0.370753675699234,0.2431446760892868,0.0001864671124165,0.0003634799856545,0.0001864671124165,0.0,,,,
uni_b,288,288,3,direct,dlinear,0.1082253754138946,False,,0.3225989937782287,0.2307421714067459,,,,,0.1015866526324094,0.1206380504519072,0.1060083489899454,0.8444967462843044
uni_b,288,288,3,direct,tide,0.0530374124646186,False,,0.2253184914588928,0.1376750171184539,,,,,0.0853009562620644,0.1412751106021025,0.0861862658573957,0.5721772784691053
uni_b,288,288,3,direct,rlinear,0.0531185865402221,False,,0.2254750281572342,0.1378695964813232,,,,,0.0837957557401172,0.1389540729189827,0.0846810653354485,0.5764846055945192
uni_b,288,288,3,direct,itransformer,0.0514684841036796,False,,0.2221153974533081,0.1333984583616256,,,,,0.0826399461401957,0.1399401863900539,0.0833419061180806,0.5230432357619451
uni_b,288,288,3,direct,patchtst,0.0523821078240871,False,,0.2241431474685669,0.1372032761573791,,,,,0.0746705004234831,0.1231366531309502,0.0756769341555987,0.633905496961654
uni_b,288,288,3,direct,frets,0.0700472593307495,False,,0.2596588730812073,0.1828458160161972,,,,,0.0644453410201449,0.1020749674672173,0.0659129835276197,0.7435287012458041
uni_b,288,288,3,direct,patchmixer,0.0564342848956584,False,,0.2303550988435745,0.1390630155801773,,,,,0.0640831425092506,0.1123483603727362,0.0646171394331855,0.518297769286656
uni_b,288,288,3,direct,xpatch,0.0526913106441497,False,,0.2244912981986999,0.1355500817298889,,,,,0.0455067271040223,0.0820565772720337,0.0459392974648019,0.5507589128132722
uni_b,288,288,3,direct,segrnn_thuml,0.0529470816254615,False,,0.2213868349790573,0.1418868154287338,,,,,0.0282284852332744,0.0537529412013574,0.0283407239761839,0.3402100840336134
uni_b,288,288,3,direct,tsmixer,0.395630270242691,False,,0.6231189370155334,0.551767110824585,,,,,0.0,0.0,0.0,0.0
multi,288,288,3,direct,segrnn_thuml,0.046766061335802,False,,0.2152117788791656,0.1236596181988716,0.4944064043419084,0.5157459154550377,0.4978946709697029,0.4567746298451755,0.0052543106355891,0.0103724805908028,0.0052672113877995,0.304500292226768
multi,288,288,3,direct,patchmixer,0.0507208220660686,False,,0.2239734828472137,0.1220958977937698,0.4411071536327386,0.4699457896947372,0.4447027060853395,0.4924858440034688,0.0111784200011203,0.0215614656013147,0.0112913077733417,0.6412095639943741
multi,288,288,3,direct,rlinear,0.050747063010931,False,,0.2211080193519592,0.1198654174804687,0.4354462628370544,0.4506119611389002,0.4395503863494816,0.5284415870894728,0.0131459554865539,0.0253574022868403,0.0132477005745244,0.5785694170656153
multi,288,288,3,direct,patchtst,0.0511246062815189,False,,0.2241589426994323,0.1208066195249557,0.433776876149448,0.4403628671299512,0.4382064325028235,0.5481648768646972,0.0025661913916088,0.0050700991480661,0.00258934341333,0.6151315789473685
multi,288,288,3,direct,tide,0.0507738403975963,False,,0.221136063337326,0.1198274046182632,0.4334731120857936,0.4502637030828477,0.4375329656084892,0.526885115953844,0.0145555764014279,0.0279633123997176,0.0146729460088701,0.5884543761638734
multi,288,288,3,direct,dlinear,0.1604204773902893,False,,0.4110428094863891,0.2888355553150177,0.3807101406343018,0.3684437977440843,0.3863822610012009,0.6379286753474501,0.0138086572781656,0.0267149668213352,0.0138895036427856,0.5099172263001718
multi,288,288,3,direct,xpatch,0.049653023481369,False,,0.2192366123199463,0.1194577291607856,0.3803269380311385,0.4234298906514819,0.3837509722060808,0.5171120768852908,0.0068057267766204,0.0132647667292888,0.0068827846285952,0.666809513606171
multi,288,288,3,direct,itransformer,0.0549250058829784,False,,0.2294587790966034,0.1239820197224617,0.3762712778221945,0.3885365994191559,0.3808991677021965,0.5932014054205441,0.002333849793925,0.0045675026631055,0.002412294291051,0.853218421761379
multi,288,288,3,direct,frets,0.063033752143383,False,,0.2333070635795593,0.1344106197357177,0.1503996957585298,0.2538877934972772,0.1506271287960736,0.1534158473880784,0.0,0.0,0.0,0.0
multi,288,288,3,direct,tsmixer,0.3476332724094391,False,,0.5688018202781677,0.4384051263332367,0.0,0.0,0.0,0.0,0.0041022867322457,0.0056749092685862,0.0065419650682081,0.9852207389630518
uni_a,864,144,3,direct,dlinear,0.0600545108318328,False,,0.2660980820655823,0.1689744293689727,0.7774515827296096,0.7227989927477492,0.7871415493945622,0.318676545509395,,,,
uni_a,864,144,3,direct,segrnn_thuml,0.0359841398894786,False,,0.2161168456077575,0.1283032745122909,0.7566227077889491,0.8275164814935798,0.7583512537546114,0.07970150982536,,,,
uni_a,864,144,3,direct,itransformer,0.0389847122132778,False,,0.2205265015363693,0.1282291412353515,0.7286917082280533,0.8148912119252005,0.7300772397875291,0.0672569183981908,,,,
uni_a,864,144,3,direct,rlinear,0.0480302199721336,False,,0.2498763054609298,0.144456535577774,0.7035844512082454,0.7363952549340856,0.7088388290095345,0.2197523710677207,,,,
uni_a,864,144,3,direct,tide,0.0529414527118206,False,,0.2609686851501465,0.1497520208358764,0.6678966901118061,0.7152038771510886,0.6729290524857444,0.2212677437601877,,,,
uni_a,864,144,3,direct,xpatch,0.0437944680452346,False,,0.2332322001457214,0.1369193643331527,0.642214984775711,0.7206689724099647,0.6456557861870791,0.1683865439779458,,,,
uni_a,864,144,3,direct,patchmixer,0.0531990155577659,False,,0.2596047222614288,0.1556356847286224,0.5363145595218506,0.6604426729083891,0.5383053524092422,0.1232036143244459,,,,
uni_a,864,144,3,direct,patchtst,0.0616847798228263,False,,0.2888733446598053,0.1571298837661743,0.4127087522167026,0.5183499221281715,0.4170341136369224,0.2826781290110743,,,,
uni_a,864,144,3,direct,frets,0.1830081045627594,False,,0.4012143909931183,0.2627224922180176,0.1674824205411767,0.2799753220312341,0.1676671733072252,0.0401844477742915,,,,
uni_a,864,144,3,direct,tsmixer,0.1141608133912086,False,,0.3370341658592224,0.2100573033094406,0.0,0.0,0.0,0.0,,,,
uni_b,864,144,3,direct,dlinear,1.2348237037658691,False,,1.127788543701172,0.906164824962616,,,,,0.1499867363177026,0.0171510230742465,0.2822610092748119,0.983013294349613
uni_b,864,144,3,direct,tide,0.0545718818902969,False,,0.2282060235738754,0.1422871798276901,,,,,0.0816697002667617,0.1385636542096424,0.0823961148031841,0.5212306060204217
uni_b,864,144,3,direct,itransformer,0.0452833734452724,False,,0.2088821083307266,0.1235621571540832,,,,,0.0813495481171569,0.1327780973758508,0.0824554516906448,0.6235281858914244
uni_b,864,144,3,direct,rlinear,0.0538946911692619,False,,0.2268882542848587,0.1419461667537689,,,,,0.0797811703293126,0.1347519172198732,0.080565800043818,0.5460016975745261
uni_b,864,144,3,direct,patchtst,0.0464604422450065,False,,0.212361142039299,0.1268739700317382,,,,,0.0706832064612498,0.1135358142879738,0.072034981377346,0.6985521641135348
uni_b,864,144,3,direct,segrnn_thuml,0.0440869033336639,False,,0.2040811032056808,0.1204920634627342,,,,,0.0598082575633382,0.1097587292648435,0.0599895932228145,0.2718156130533548
uni_b,864,144,3,direct,patchmixer,0.129518911242485,False,,0.3627171516418457,0.1565127223730087,,,,,0.0524189164946373,0.0885118443340351,0.0534260205944643,0.6995019511193263
uni_b,864,144,3,direct,xpatch,0.0496388971805572,False,,0.2187512964010238,0.136361613869667,,,,,0.0203021232094088,0.0386202853980183,0.0204894836777915,0.5303410755388156
uni_b,864,144,3,direct,frets,0.0769058614969253,False,,0.2733010947704315,0.2068929076194763,,,,,0.0158456796604397,0.0300862735676451,0.0160848608778207,0.647423711855928
uni_b,864,144,3,direct,tsmixer,1.039467453956604,False,,1.0276497602462769,0.7734987139701843,,,,,0.0,0.0,0.0,0.0
multi,864,144,3,direct,segrnn_thuml,0.0350861214101314,False,,0.183966115117073,0.1057762280106544,0.4691819697700919,0.5954465830059473,0.4701360141927853,0.1779189833200953,0.0290195249853805,0.05502527709742,0.0291497784899613,0.3964381556477189
multi,864,144,3,direct,xpatch,0.0356807969510555,False,,0.1929786056280136,0.1098645478487014,0.3780420594997612,0.5197729902858667,0.3787056796852904,0.1574601963962246,0.0081680386545681,0.015885584009615,0.0082594966537845,0.6194353963083605
multi,864,144,3,direct,tide,0.0379921607673168,False,,0.1937550604343414,0.109002873301506,0.3645573255935826,0.4975533341000732,0.3654470813085473,0.2061364313375037,0.0332918976216583,0.0613293168405568,0.0336035441606183,0.5768545994065282
multi,864,144,3,direct,rlinear,0.0377670899033546,False,,0.1936402767896652,0.1088357716798782,0.3636105141463976,0.4942737048495488,0.3645643174864371,0.218156085725839,0.0300111686314361,0.0557695671078787,0.0302808935809218,0.5669755686604886
multi,864,144,3,direct,patchmixer,0.0383476950228214,False,,0.2016261518001556,0.1127207726240158,0.2871022585868295,0.3847790254371175,0.2889637381191131,0.4072433192686357,0.0350509306611918,0.0648058567705881,0.0353237816947874,0.5317088409871915
multi,864,144,3,direct,dlinear,0.0549843460321426,False,,0.2394610196352005,0.1505762934684753,0.2169638844477858,0.2571316329215087,0.2213080331507812,0.6767401101652478,0.0547443887127729,0.0823747645627014,0.0565675369968894,0.8257097219196979
multi,864,144,3,direct,patchtst,0.0440495535731315,False,,0.2120535224676132,0.1168399453163147,0.2162532634550895,0.3361964000705822,0.2168427909049614,0.2247755614793026,0.0029987532281608,0.0059344255891329,0.0030045244603638,0.2201834862385321
multi,864,144,3,direct,itransformer,0.0473874658346176,False,,0.2186687588691711,0.1249403282999992,0.1226567988737717,0.214233710443767,0.1227898764987701,0.1036100857160733,0.0111576168650414,0.0191238681556103,0.0121712696766896,0.9244827838292272
multi,864,144,3,direct,frets,0.055981371551752,False,,0.2211785614490509,0.1315817236900329,0.1166787724808179,0.207429767949944,0.1166790939243565,0.0002937288882361,0.0009540577339866,0.001893351688663,0.0009543783579979,0.0470588235294117
multi,864,144,3,direct,tsmixer,0.397231787443161,False,,0.6214174628257751,0.4315600395202636,0.0,0.0,0.0,0.0,0.0,0.0,0.0,0.0
uni_a,864,288,3,direct,segrnn_thuml,0.0510504357516765,False,,0.2840369343757629,0.1534982323646545,0.6410446380769819,0.7075248266031876,0.6452507437768883,0.2004937051008414,,,,
uni_a,864,288,3,direct,itransformer,0.0586470440030097,False,,0.2889636754989624,0.1507444381713867,0.5242613257453713,0.6438138772112358,0.5266539671667987,0.1487732077596979,,,,
uni_a,864,288,3,direct,dlinear,0.086356446146965,False,,0.3440136909484863,0.1855997741222381,0.3835106814744957,0.4629471234395914,0.3902031206523833,0.3975224987045399,,,,
uni_a,864,288,3,direct,patchtst,0.0737417861819267,False,,0.3217175602912903,0.166260689496994,0.371807015847047,0.4797882596031622,0.3760142120245714,0.3009158891000602,,,,
uni_a,864,288,3,direct,rlinear,0.0702764242887497,False,,0.3188658356666565,0.1681470721960067,0.3715691404406107,0.4785178845368805,0.3758635303182723,0.305333679333654,,,,
uni_a,864,288,3,direct,xpatch,0.0629196912050247,False,,0.2941693365573883,0.1533850282430648,0.3708440996648554,0.5216477577681266,0.3717446116307442,0.085246412778535,,,,
uni_a,864,288,3,direct,patchmixer,0.0861642807722091,False,,0.3298935294151306,0.1868856102228164,0.3576524502165517,0.4877165712036987,0.3600530810556281,0.2041379806291184,,,,
uni_a,864,288,3,direct,tide,0.0711135119199752,False,,0.3206273317337036,0.1697039604187011,0.3453491264937479,0.4553994732226206,0.3493632413689775,0.3065272917916446,,,,
uni_a,864,288,3,direct,frets,0.2889251112937927,False,,0.5073277354240417,0.3127003908157348,0.0322432145355681,0.0609477262931998,0.032260439631001,0.0201274216616824,,,,
uni_a,864,288,3,direct,tsmixer,0.1715557426214218,False,,0.4342834949493408,0.3043020367622375,0.0143378780419939,0.0275739251547133,0.0143378780419939,0.0,,,,
uni_b,864,288,3,direct,dlinear,1.0846043825149536,False,,1.0544835329055786,0.7286913990974426,,,,,0.096908243613272,0.0105580052699335,0.2274117881515234,0.9869916322071676
uni_b,864,288,3,direct,itransformer,0.0525484569370746,False,,0.2296156585216522,0.1400570273399353,,,,,0.039534915264129,0.0694668915510082,0.0402265419231825,0.6944898960975211
uni_b,864,288,3,direct,patchtst,0.0534971579909324,False,,0.2304132729768753,0.1416633278131485,,,,,0.0390325489086294,0.0702737270866883,0.0395209548585863,0.6203399477401496
uni_b,864,288,3,direct,tide,0.0636681616306305,False,,0.2482011318206787,0.1580415219068527,,,,,0.0371969641382915,0.0682268515414,0.0375442338455572,0.5501452081316553
uni_b,864,288,3,direct,rlinear,0.0631954744458198,False,,0.2473369985818863,0.1576744019985199,,,,,0.0348777985502885,0.0640840821560684,0.0352281847022261,0.5680414754152495
uni_b,864,288,3,direct,patchmixer,0.0868181884288787,False,,0.2689603865146637,0.1573473811149597,,,,,0.0313958894859605,0.0555041271231412,0.0320961321979306,0.7425695524451357
uni_b,864,288,3,direct,segrnn_thuml,0.0525024011731147,False,,0.2268080860376358,0.1384507864713668,,,,,0.0208229414771384,0.0403630038344898,0.0208498284507785,0.1456632090046347
uni_b,864,288,3,direct,xpatch,0.0530048683285713,False,,0.2307523936033249,0.1405506730079651,,,,,0.0165079534447586,0.0302333925063751,0.0170229612034837,0.8
uni_b,864,288,3,direct,frets,0.085320807993412,False,,0.2889128923416137,0.2223037928342819,,,,,0.0009846956472748,0.0019483386634934,0.0010018259085106,0.6933223413025557
uni_b,864,288,3,direct,tsmixer,0.0966222956776619,False,,0.3140790462493896,0.2017567008733749,,,,,0.0,0.0,0.0,0.0
multi,864,288,3,direct,xpatch,0.0487505868077278,False,,0.2326488941907882,0.1227998584508895,0.2264970977905296,0.3222077477281007,0.228251970602795,0.4290357916795656,0.0064750186494604,0.0122213941431118,0.0068023490322889,0.8713971823704278
multi,864,288,3,direct,segrnn_thuml,0.0473663806915283,False,,0.2254162579774856,0.1204477027058601,0.1964083709086851,0.2912316316871775,0.1978837439549141,0.4215286571027036,0.0034378951763636,0.0067647483609161,0.003479794630588,0.6290087463556852
multi,864,288,3,direct,rlinear,0.0497071035206317,False,,0.2311118990182876,0.1235643103718757,0.1872885594339357,0.2568437186500208,0.1899775332241727,0.580425755584757,0.014147194632719,0.0267344111081703,0.0144114088040855,0.720794701986755
multi,864,288,3,direct,tide,0.0506461597979068,False,,0.2317073792219162,0.1238689422607421,0.1775326389007268,0.2546877867368414,0.1796628079661856,0.5367802267929901,0.0141831983223713,0.027004572996976,0.0143908992090132,0.6702177659407802
multi,864,288,3,direct,dlinear,0.0581893064081668,False,,0.2559321522712707,0.1408556699752807,0.1738505142942378,0.184118152649743,0.1810765012756559,0.7959273445127512,0.0221214026580302,0.0365854046988903,0.023401447977412,0.8850879548811602
multi,864,288,3,direct,patchmixer,0.0559168569743633,False,,0.2406662553548813,0.1298827826976776,0.1551232833618079,0.244729275777071,0.1561869311907391,0.3996120981464878,0.0111268380455281,0.02136326247942,0.0112939503531068,0.6756968983117393
multi,864,288,3,direct,frets,0.092759184539318,False,,0.292344719171524,0.1717371791601181,0.0538397079117335,0.0883113941572366,0.0554339134077148,0.7375844975214061,7.266805043339503e-05,0.0001441121239628,8.203838028891183e-05,0.9414634146341464
multi,864,288,3,direct,itransformer,0.0647448003292083,False,,0.2572947740554809,0.1396675705909729,0.0175637422267036,0.0283659676136523,0.0197203076805909,0.9144432512803568,0.0,0.0,0.0,0.0
multi,864,288,3,direct,patchtst,0.06210233643651,False,,0.2475714832544326,0.1297746747732162,0.0158831693606022,0.0303688258779139,0.0160884962491908,0.555028962611901,0.0,0.0,0.0,0.0
multi,864,288,3,direct,tsmixer,0.5238779187202454,False,,0.7207728624343872,0.4679006040096283,0.0,0.0,0.0,0.0,0.0,0.0,0.0,0.0
uni_a,2016,144,3,direct,dlinear,0.1850679516792297,False,,0.2290787994861602,0.1444467455148697,0.8149161213689091,0.5221732432132862,0.8322800194457949,0.6104248888888889,,,,
uni_a,2016,144,3,direct,segrnn_thuml,0.0253002028912305,False,,0.1199211031198501,0.0644018501043319,0.8145761335173229,0.8292563692456442,0.816541079241614,0.153067977687435,,,,
uni_a,2016,144,3,direct,tide,0.8155876994132996,False,,0.6099674105644226,0.1918257623910904,0.701563705334726,0.4276180030110332,0.7225480068060282,0.6856510244547257,,,,
uni_a,2016,144,3,direct,itransformer,0.0612072050571441,False,,0.163199707865715,0.0947736874222755,0.6872902646872203,0.71700783884996,0.6902953330092367,0.2463926758881481,,,,
uni_a,2016,144,3,direct,rlinear,1.0641847848892212,False,,0.6719287633895874,0.2100990116596222,0.5843406073150541,0.3691690228817255,0.605326324744774,0.7225104637477279,,,,
uni_a,2016,144,3,direct,patchmixer,0.4031142592430115,False,,0.390966385602951,0.2200598865747451,0.3609079874940664,0.3628059786216044,0.3691662615459407,0.6268771304855204,,,,
uni_a,2016,144,3,direct,tsmixer,0.2479563653469085,False,,0.2424391955137252,0.1543227583169937,0.192619713174526,0.3201338469485031,0.192619713174526,0.0,,,,
uni_a,2016,144,3,direct,frets,0.4527948200702667,False,,0.4443871676921844,0.309892475605011,0.0,0.0,0.0,0.0,,,,
uni_a,2016,144,3,direct,patchtst,0.1645883172750473,False,,0.220607116818428,0.0956283807754516,0.0,0.0,0.0,0.0,,,,
uni_b,2016,144,3,direct,tide,0.0802173539996147,False,,0.3056292235851288,0.187110885977745,,,,,0.0251227914438117,0.023259287851597,0.0304498745575145,0.9737726270295872
uni_b,2016,144,3,direct,patchmixer,0.6594448685646057,False,,0.5263659358024597,0.1916593313217163,,,,,0.0201997615814857,0.0292673656701709,0.0218751073993882,0.9420415224913494
uni_b,2016,144,3,direct,rlinear,0.0599638968706131,False,,0.2654943466186523,0.1605707556009292,,,,,0.0198578212713741,0.0264771696382277,0.0220984981269546,0.95559238923996
uni_b,2016,144,3,direct,segrnn_thuml,0.0357158556580543,False,,0.2025165110826492,0.117378257215023,,,,,0.0112891759348856,0.0222209193675761,0.0112898236931642,0.0120300751879699
uni_b,2016,144,3,direct,dlinear,0.1410716921091079,False,,0.3928055465221405,0.3042575418949127,,,,,0.0029682843402989,0.0051421148335344,0.0036601711516651,0.9756793788536195
uni_b,2016,144,3,direct,tsmixer,1.134484887123108,False,,1.0349606275558472,0.7711347937583923,,,,,0.0,0.0,0.0,0.0
uni_b,2016,144,3,direct,patchtst,0.0379317998886108,False,,0.2053588628768921,0.120402418076992,,,,,0.0,0.0,0.0,0.0
uni_b,2016,144,3,direct,frets,0.0781202092766761,False,,0.2973358333110809,0.2295794486999511,,,,,0.0,0.0,0.0,0.0
uni_b,2016,144,3,direct,itransformer,0.0396579802036285,False,,0.2080926299095153,0.1189197823405265,,,,,-3.238791393170976e-07,-6.44676502579705e-07,0.0,1.0
multi,2016,144,3,direct,segrnn_thuml,0.0331360436975955,False,,0.1654666811227798,0.0953038409352302,0.2595038822696065,0.3835896749502397,0.2600101368474404,0.2557127312295973,0.0338318139650207,0.0643418828179489,0.0339136332805787,0.2014196983141082
multi,2016,144,3,direct,tide,0.1397503316402435,False,,0.3226047456264496,0.1768554598093032,0.0765198852739299,0.059269834036629,0.085022807906741,0.9463714833759592,0.1878485529462014,0.1391547830577777,0.2022382997965182,0.8814970192095385
multi,2016,144,3,direct,rlinear,0.1326131969690323,False,,0.309333473443985,0.1708131432533264,0.0688548401452031,0.0600088604209855,0.075772934617334,0.9415559030492572,0.1857528690896562,0.1488782178149454,0.1982063456176049,0.8678757127427092
multi,2016,144,3,direct,tsmixer,0.2198859602212906,False,,0.4563927054405212,0.299098789691925,0.0026397076324081,0.0034590351047688,0.0055752660922453,0.989351403678606,0.0,0.0,0.0,0.0
multi,2016,144,3,direct,dlinear,0.0871306806802749,False,,0.245847463607788,0.1520528942346573,0.0011935015410798,0.0023405631832136,0.0012671059300557,0.9111111111111112,0.0005540536584253,0.0010957450401358,0.0005652272213429,0.6739130434782609
multi,2016,144,3,direct,patchmixer,0.0960553660988807,False,,0.2560364902019501,0.1718043535947799,0.000622585780955,0.0012214745146854,0.0006969082615306,0.9495412844036696,0.0176352180626885,0.0333201750369625,0.0179365438239505,0.6371951219512195
multi,2016,144,3,direct,patchtst,0.1339851915836334,False,,0.2669875621795654,0.1530015468597412,0.0,0.0,0.0,0.0,0.0,0.0,0.0,0.0
multi,2016,144,3,direct,itransformer,0.0942526385188102,False,,0.2197430431842804,0.1275184899568557,0.0,0.0,0.0,0.0,0.0,0.0,0.0,0.0
multi,2016,144,3,direct,frets,0.1181432157754898,False,,0.2978073358535766,0.1967811584472656,-0.0027077916694633,-0.0028757270075652,0.0022807906741003,0.9974156496769562,0.0156092405231845,0.0272365314008294,0.0167684075665084,0.8784485113357007
uni_a,2016,288,3,direct,dlinear,0.3786807060241699,False,,0.2615326642990112,0.1835312098264694,0.7293944306254544,0.557402515339976,0.7393476005686402,0.5447760311320866,,,,
uni_a,2016,288,3,direct,segrnn_thuml,0.0488111637532711,False,,0.1577446609735489,0.0852665156126022,0.7292589526349104,0.7452406626192672,0.7317881430821839,0.2350289179853803,,,,
uni_a,2016,288,3,direct,rlinear,1.2392547130584717,False,,0.7255489826202393,0.24516062438488,0.7221305494307697,0.3387195247063765,0.7506915895032082,0.7718014003819224,,,,
uni_a,2016,288,3,direct,tide,1.2604957818984983,False,,0.718490719795227,0.2454474121332168,0.7010235075921609,0.3378177369750202,0.728541514581012,0.7705215131354022,,,,
uni_a,2016,288,3,direct,itransformer,0.1184385791420936,False,,0.202910915017128,0.1035544723272323,0.6401229702178824,0.6237981919382025,0.6447151035463173,0.3876973882264936,,,,
uni_a,2016,288,3,direct,patchmixer,2.4121086597442627,False,,0.9339969158172609,0.4830110371112823,0.3437169550479864,0.1391392225252882,0.3841011257540246,0.9033482946731346,,,,
uni_a,2016,288,3,direct,frets,6.785985469818115,False,,0.646215558052063,0.3728106915950775,0.2309030390374158,0.2005564613780822,0.242863180543282,0.8140499514605948,,,,
uni_a,2016,288,3,direct,tsmixer,0.1983824968338012,False,,0.349373996257782,0.2581992745399475,0.0,0.0,0.0,0.0,,,,
uni_a,2016,288,3,direct,patchtst,0.2794020771980285,False,,0.2662672698497772,0.1144712567329406,0.0,0.0,0.0,0.0,,,,
uni_b,2016,288,3,direct,dlinear,0.3000878095626831,False,,0.546701967716217,0.4256248474121094,,,,,0.0119514643021106,0.0086716601748689,0.0203292591668745,0.9884499557130204
uni_b,2016,288,3,direct,rlinear,0.1037077009677887,False,,0.3539030253887176,0.2198476642370224,,,,,0.0112621453019669,0.0080366316158791,0.0198660157502761,0.989003565211817
uni_b,2016,288,3,direct,tide,0.1124556735157966,False,,0.3681731820106506,0.2337562888860702,,,,,0.0111432951873135,0.006732904360129,0.0221911413605102,0.9904201519084704
uni_b,2016,288,3,direct,segrnn_thuml,0.0408724024891853,False,,0.2218129336833953,0.133431926369667,,,,,0.0062794821395799,0.0124188977887216,0.0062805117058047,0.0329218106995884
uni_b,2016,288,3,direct,patchmixer,4.905628681182861,False,,1.513347625732422,0.488980084657669,,,,,0.0022202566442134,0.0005224822860894,0.0382977586145458,0.9949141955343348
uni_b,2016,288,3,direct,tsmixer,1.1403380632400513,False,,1.0259429216384888,0.790742814540863,,,,,0.0,0.0,0.0,0.0
uni_b,2016,288,3,direct,patchtst,0.0423195026814937,False,,0.2176893651485443,0.1266690045595169,,,,,0.0,0.0,0.0,0.0
uni_b,2016,288,3,direct,frets,0.0728316828608512,False,,0.2837941646575928,0.2071307152509689,,,,,0.0,0.0,0.0,0.0
uni_b,2016,288,3,direct,itransformer,0.0505752153694629,False,,0.235071912407875,0.1444603204727172,,,,,0.0,0.0,0.0,0.0
multi,2016,288,3,direct,segrnn_thuml,0.0462586916983127,False,,0.1946435272693634,0.1102249696850776,0.0779262326144026,0.1297843761844402,0.0786531130876747,0.5984430749270191,0.0057751237269112,0.0113763199223872,0.005775321368689,0.0035714285714285
multi,2016,288,3,direct,tide,0.1096141561865806,False,,0.2544863820075989,0.1475122720003128,0.0257603585299494,0.0458233555219702,0.0263341804320203,0.7784607161945484,0.0119142342504823,0.0214863453845855,0.0127512471796145,0.873015873015873
multi,2016,288,3,direct,rlinear,0.091667391359806,False,,0.2499952316284179,0.1444069147109985,0.0196205726831043,0.0263631619628645,0.0224904701397712,0.9536558224782352,0.0302033772640451,0.0476000851745509,0.0323956198637934,0.8763530062416054
multi,2016,288,3,direct,patchmixer,0.0976112782955169,False,,0.2516884803771972,0.1517213433980941,0.0181625928197001,0.0347284298297175,0.0182973316391359,0.5428571428571428,0.0103641929959597,0.0199725981770578,0.0105363389844542,0.631159420289855
multi,2016,288,3,direct,dlinear,0.1052519679069519,False,,0.2695214450359344,0.1558920592069625,0.0005657363914858,0.0011171043172806,0.0006035578144853,0.909952606635071,0.0,0.0,0.0,0.0
multi,2016,288,3,direct,tsmixer,0.302933007478714,False,,0.6151859164237976,0.3764024674892425,0.0,0.0,0.0,0.0,0.0,0.0,0.0,0.0
multi,2016,288,3,direct,patchtst,0.1407454013824463,False,,0.2798177003860473,0.1593972593545913,0.0,0.0,0.0,0.0,0.0,0.0,0.0,0.0
multi,2016,288,3,direct,itransformer,0.1090649664402008,False,,0.2350673526525497,0.1344997137784958,0.0,0.0,0.0,0.0,0.0,0.0,0.0,0.0
multi,2016,288,3,direct,frets,0.1665262877941131,False,,0.3519713282585144,0.2267491668462753,-0.0019597771649382,-0.0027549620391909,0.0006353240152477,0.998484159466424,0.0144440092280362,0.0254542466177379,0.0155043573661222,0.8774942754334315
uni_a,288,144,4,direct,xpatch,0.0518228225409984,False,,0.19146728515625,0.1196720674633979,0.8610229178518519,0.8266506503761976,0.8657140977016308,0.2020909701590603,,,,
uni_a,288,144,4,direct,dlinear,0.0542860552668571,False,,0.1970923990011215,0.1271611899137497,0.8510398304560458,0.8278764114724548,0.8553578763913648,0.190907684820866,,,,
uni_a,288,144,4,direct,segrnn_thuml,0.0476442985236644,False,,0.1880886703729629,0.1192720755934715,0.8313952580215865,0.8579387093635231,0.8336025332711182,0.1101309770380414,,,,
uni_a,288,144,4,direct,patchmixer,0.0651158243417739,False,,0.2134821563959121,0.135651633143425,0.8039955138214895,0.8046679679484888,0.808065429543397,0.1905520949125051,,,,
uni_a,288,144,4,direct,rlinear,0.0572466701269149,False,,0.1985993981361389,0.1216245889663696,0.7943419529661112,0.8178553995527978,0.7974190705224075,0.1528017880598279,,,,
uni_a,288,144,4,direct,tide,0.0573209077119827,False,,0.198897585272789,0.1217218786478042,0.7906203357773952,0.8180549949271676,0.7935705084488899,0.1480365092498734,,,,
uni_a,288,144,4,direct,patchtst,0.0570670776069164,False,,0.2011540532112121,0.1240453198552131,0.7720023483529092,0.8050343697942597,0.7750216356987034,0.1540378619274866,,,,
uni_a,288,144,4,direct,itransformer,0.0524136088788509,False,,0.1929302215576172,0.1187149733304977,0.7543887290585869,0.8127434663626895,0.7564598014700311,0.1134486332623274,,,,
uni_a,288,144,4,direct,frets,0.0710788965225219,False,,0.2485146224498748,0.1686271727085113,0.5025514811211669,0.6506086078785549,0.5032294022166123,0.0592352354591289,,,,
uni_a,288,144,4,direct,tsmixer,0.0830482542514801,False,,0.2761449515819549,0.1884913444519043,0.1810086998227287,0.3020468858631694,0.1810090411297623,8.812368158710751e-05,,,,
uni_b,288,144,4,direct,dlinear,0.1464206427335739,False,,0.4055181443691253,0.3258854746818542,,,,,0.2751729229551572,0.2404941369352664,0.2863864725063463,0.7782784778899328
uni_b,288,144,4,direct,patchtst,0.0426351949572563,False,,0.2279163151979446,0.1415867209434509,,,,,0.1948559056886624,0.2682463555129801,0.1976335383275446,0.5575108648478326
uni_b,288,144,4,direct,tide,0.0423945821821689,False,,0.226401686668396,0.137543648481369,,,,,0.1857079168955798,0.2640857376788374,0.1880689120436754,0.5295047663334108
uni_b,288,144,4,direct,rlinear,0.0424759201705455,False,,0.2266518473625183,0.1376816928386688,,,,,0.1823599139824868,0.2605622724102091,0.1846833211186523,0.5300322316897649
uni_b,288,144,4,direct,itransformer,0.0414653681218624,False,,0.2252905517816543,0.1372101008892059,,,,,0.1746225188003839,0.2519173707994359,0.1768818574812265,0.5338162222688781
uni_b,288,144,4,direct,xpatch,0.0443627126514911,False,,0.2321887016296386,0.1437788307666778,,,,,0.1712699809639739,0.2422715259411978,0.1738733284474609,0.5730614001343148
uni_b,288,144,4,direct,patchmixer,0.0474523194134235,False,,0.2427081912755966,0.1514317393302917,,,,,0.1514704515588796,0.228653732111465,0.153299557085046,0.5168223360449935
uni_b,288,144,4,direct,segrnn_thuml,0.0397530049085617,False,,0.2171967029571533,0.1373374313116073,,,,,0.095629573566011,0.1635289075407295,0.0963419685817162,0.3986375615334891
uni_b,288,144,4,direct,frets,0.0762647464871406,False,,0.2968896925449371,0.1985796391963958,,,,,0.0003953532474495,0.0007816608529864,0.0003956494492772,0.0628930817610062
uni_b,288,144,4,direct,tsmixer,0.4281618893146515,False,,0.6337924003601074,0.5469675064086914,,,,,0.0,0.0,0.0,0.0
multi,288,144,4,direct,segrnn_thuml,0.0327558889985084,False,,0.1789032965898513,0.1118988394737243,0.7452286839321807,0.7650721725222065,0.7474157214141066,0.2112151751978265,0.0118955984273798,0.0233511661856147,0.011903906336772,0.1125182659522649
multi,288,144,4,direct,xpatch,0.0346058830618858,False,,0.1802223026752472,0.1110983788967132,0.6576117147367698,0.7151716777658212,0.6595535584291822,0.2122413329750067,0.0290593307820922,0.0550978133543426,0.029171757296206,0.4118034514556712
multi,288,144,4,direct,tide,0.0366178527474403,False,,0.1863660812377929,0.1139621958136558,0.6496573862951576,0.6860869035242434,0.6522838272470981,0.2692575732862798,0.031904685824506,0.0547693379404338,0.0326083405745496,0.7967502850627138
multi,288,144,4,direct,rlinear,0.0365087427198886,False,,0.186046615242958,0.1136206611990928,0.6472303078895951,0.6847757579619324,0.6498451418209733,0.2691231308567728,0.0287718192432066,0.0500599272739986,0.0294069607144957,0.7968954469563648
multi,288,144,4,direct,itransformer,0.0393782742321491,False,,0.1935743391513824,0.1172246262431144,0.6070666352614745,0.6498029262910429,0.6098765105290326,0.2965754653252983,0.0037602573473697,0.006554046242749,0.0045211323737904,0.9683266202856096
multi,288,144,4,direct,patchtst,0.0387494303286075,False,,0.1930039077997207,0.1166198104619979,0.5832605528787558,0.639691623944191,0.5858370944899607,0.2869719657031933,0.003124460466627,0.0060338736868011,0.003273247571198,0.8919793014230272
multi,288,144,4,direct,dlinear,0.0541527047753334,False,,0.2287865579128265,0.1648903042078018,0.5671815442598521,0.643893208323793,0.5692560189535822,0.2500839119991979,0.0421891115872936,0.0661877657277847,0.0434407646724465,0.8395937371836626
multi,288,144,4,direct,patchmixer,0.0420629233121871,False,,0.1950509846210479,0.1173664182424545,0.5326352334464071,0.6052512949324617,0.535064788956097,0.293546357702692,0.0051543463863511,0.0101397552462113,0.0051875420589445,0.5375655212580082
multi,288,144,4,direct,frets,0.0406470000743866,False,,0.2019399404525756,0.1223737448453903,0.0956911042579381,0.173106789792007,0.0956911042579381,0.0,0.000771220060237,0.0015310969580927,0.0007774779660131,0.5938566552901023
multi,288,144,4,direct,tsmixer,0.5836119651794434,False,,0.7514916658401489,0.5046135783195496,0.0,0.0,0.0,0.0,0.0,0.0,0.0,0.0
uni_a,288,288,4,direct,dlinear,0.0981301590800285,False,,0.252498060464859,0.1422500908374786,0.774955313682367,0.7410274246938438,0.7818395336295006,0.2851016135534085,,,,
uni_a,288,288,4,direct,patchtst,0.092922993004322,False,,0.2468940913677215,0.1390024870634079,0.713408560695221,0.7288018956867344,0.7186664157886848,0.2488881088818662,,,,
uni_a,288,288,4,direct,segrnn_thuml,0.0796459019184112,False,,0.23299041390419,0.1354185193777084,0.70112606141007,0.7474970888708368,0.7048416897944806,0.1927401844522375,,,,
uni_a,288,288,4,direct,itransformer,0.0836176201701164,False,,0.233009472489357,0.1327319145202636,0.6855145071077589,0.7386114939462785,0.6891320971029062,0.1920876203545469,,,,
uni_a,288,288,4,direct,xpatch,0.0865158438682556,False,,0.2391639500856399,0.1390637755393982,0.6756943377202792,0.7295308547638144,0.6794397471675038,0.1997888320635127,,,,
uni_a,288,288,4,direct,patchmixer,0.0968993231654167,False,,0.2530058026313782,0.1426178365945816,0.6726780147494359,0.7345171393410597,0.6760293746027614,0.1833599281115064,,,,
uni_a,288,288,4,direct,rlinear,0.1039378345012664,False,,0.2617213428020477,0.1434691995382309,0.6702592627133638,0.7221086813554694,0.6742101445866694,0.2097421930897592,,,,
uni_a,288,288,4,direct,tide,0.1039934158325195,False,,0.2620044946670532,0.143421396613121,0.6664342262631031,0.7229437849844389,0.6701866160243206,0.2022903944061771,,,,
uni_a,288,288,4,direct,frets,0.1117343083024025,False,,0.3095786273479461,0.1946848034858703,0.2365715866586762,0.3765723683200817,0.2366382860949784,0.0126050995535836,,,,
uni_a,288,288,4,direct,tsmixer,0.1149443089962005,False,,0.3042120635509491,0.1740039139986038,0.1812044807149232,0.3013876459949839,0.1812748393815711,0.0172754795531978,,,,
uni_b,288,288,4,direct,frets,0.1080730929970741,False,,0.3519676923751831,0.2663756906986236,,,,,0.2246791000878402,0.2439798011496128,0.2314940311927393,0.7244093793920712
uni_b,288,288,4,direct,tide,0.0502347014844417,False,,0.2525813579559326,0.1581811308860778,,,,,0.1667509464026251,0.2325180506370761,0.1696432935906608,0.6035427578400047
uni_b,288,288,4,direct,patchtst,0.0510486140847206,False,,0.2558312118053436,0.1625155657529831,,,,,0.1660207797858031,0.2283944145627698,0.1691396592765737,0.6221366972659224
uni_b,288,288,4,direct,rlinear,0.050273347645998,False,,0.2526655197143554,0.1580860912799835,,,,,0.1630273309174826,0.22857038264631,0.1658734426219794,0.6050631482794254
uni_b,288,288,4,direct,patchmixer,0.0508198849856853,False,,0.2555743157863617,0.1614703238010406,,,,,0.1568992322873589,0.2234543002036927,0.1595646821993414,0.5986400387495808
uni_b,288,288,4,direct,xpatch,0.0499401837587356,False,,0.252931147813797,0.1599595248699188,,,,,0.154987141532317,0.2187220112334071,0.1578182561513747,0.6156451909652702
uni_b,288,288,4,direct,itransformer,0.0495269037783145,False,,0.2518616616725921,0.1581326872110366,,,,,0.150222532988294,0.2146028013236628,0.152913746698603,0.6111138318271031
uni_b,288,288,4,direct,dlinear,0.1538207232952118,False,,0.4253270328044891,0.3252596855163574,,,,,0.1234192681574504,0.1492772694270564,0.1292473777686926,0.8010456878487241
uni_b,288,288,4,direct,segrnn_thuml,0.0475397370755672,False,,0.2408169060945511,0.1584630459547042,,,,,0.0567520286845495,0.1004918823656971,0.0574483811859995,0.5197627479630501
uni_b,288,288,4,direct,tsmixer,0.3342106938362121,False,,0.5345840454101562,0.3843240439891815,,,,,0.0,0.0,0.0,0.0
multi,288,288,4,direct,segrnn_thuml,0.0458452254533767,False,,0.2058351784944534,0.1270258426666259,0.5168159330169272,0.5629241406110052,0.5202567241841068,0.3764667849724182,0.004246992432252,0.0083817234270829,0.0042661548214904,0.4300421151146467
multi,288,288,4,direct,dlinear,0.150563970208168,False,,0.3748745024204254,0.2672043740749359,0.464022984043133,0.5103736180334718,0.4678406090982132,0.4269146859570559,0.0165771757568623,0.0315701112189438,0.0167423809907426,0.623710934424939
multi,288,288,4,direct,rlinear,0.0488862209022045,False,,0.207798421382904,0.1232239678502082,0.4631958039085213,0.5297243652060485,0.4662604736580327,0.3750163468664019,0.0140583525163712,0.0267600520627721,0.0142415316126275,0.6836043887635204
multi,288,288,4,direct,tide,0.0489181317389011,False,,0.2079160213470459,0.1232550591230392,0.4615473507724238,0.528663912140427,0.4645999923480124,0.3749308309805143,0.0154731895569662,0.0293799791872427,0.015663583219791,0.6712489891935602
multi,288,288,4,direct,patchtst,0.0498983114957809,False,,0.2112338244915008,0.1254681348800659,0.450282712006396,0.5175378171845904,0.4533917435053755,0.3849958352038155,0.0020905176266475,0.0041066159810156,0.0021505903615723,0.8243204577968527
multi,288,288,4,direct,xpatch,0.0473209917545318,False,,0.2051829099655151,0.1218282505869865,0.4320478864862219,0.514452545826892,0.4346921987986379,0.3570529198887446,0.0048103686229553,0.0095040330239105,0.004819564067628,0.2427077600440286
multi,288,288,4,direct,itransformer,0.0515078268945217,False,,0.2140669375658035,0.1259505301713943,0.4195397655831379,0.4948948914352929,0.4224930175613115,0.3895468880860838,0.0011141099185895,0.0021960240356971,0.0011593573447564,0.8676529388244703
multi,288,288,4,direct,patchmixer,0.049419242888689,False,,0.2112794816493988,0.123679481446743,0.3634340536141272,0.45465719223169,0.365935264184872,0.3842298406566876,0.0109463409881163,0.0214213283841532,0.0109771175784492,0.320173535791757
multi,288,288,4,direct,frets,0.0556006096303463,False,,0.2325659841299057,0.1407824754714965,0.0974545676876462,0.1759710702519179,0.097457627118644,0.0028576461607719,0.0,0.0,0.0,0.0
multi,288,288,4,direct,tsmixer,0.4729407727718353,False,,0.6809582114219666,0.4499676525592804,0.0,0.0,0.0,0.0,0.0,0.0,0.0,0.0
uni_a,864,144,4,direct,dlinear,0.0714517831802368,False,,0.2406627833843231,0.156193271279335,0.8747582106813234,0.7274373658851472,0.8853721296733237,0.3735649272762092,,,,
uni_a,864,144,4,direct,segrnn_thuml,0.0450205579400062,False,,0.1747401505708694,0.1127732023596763,0.8485719141970786,0.8704647002211207,0.8505444605700142,0.1034317056414222,,,,
uni_a,864,144,4,direct,tide,0.0557840168476104,False,,0.1952716410160064,0.1216336339712143,0.8211898199800011,0.8254395496850062,0.824506513048356,0.1667374528492038,,,,
uni_a,864,144,4,direct,rlinear,0.0552026517689228,False,,0.1936681717634201,0.1199458092451095,0.7934676692481878,0.8190797346546821,0.7962800388200831,0.1494355413952161,,,,
uni_a,864,144,4,direct,xpatch,0.0504013858735561,False,,0.1871289908885955,0.1178098544478416,0.7515891922939544,0.7943259938621422,0.7543205149893601,0.1526271359357308,,,,
uni_a,864,144,4,direct,itransformer,0.0525917187333107,False,,0.1942895650863647,0.1176662743091583,0.7181438962395836,0.7665982320911686,0.7211560549535673,0.1720297105612335,,,,
uni_a,864,144,4,direct,patchtst,0.0788013413548469,False,,0.2277179956436157,0.1342674940824508,0.6097812735663813,0.6849642820034645,0.6130563692537818,0.20995091323415,,,,
uni_a,864,144,4,direct,patchmixer,0.0827794149518013,False,,0.2401302456855774,0.1443172842264175,0.5992611943993873,0.7062580781178323,0.601064881180273,0.1298843581957197,,,,
uni_a,864,144,4,direct,frets,0.1065463274717331,False,,0.3233101963996887,0.2012714445590973,0.3160395646183955,0.4712672323229855,0.3162697105410771,0.0349335724182899,,,,
uni_a,864,144,4,direct,tsmixer,0.1121578812599182,False,,0.2988249957561493,0.2055579274892807,0.3007810020372517,0.4423001138168429,0.3016908105027913,0.1304443782912633,,,,
uni_b,864,144,4,direct,dlinear,2.4571797847747803,False,,1.6699607372283936,1.371550440788269,,,,,0.2551957519205011,0.0273643319396006,0.4626687291899,0.974084204059298
uni_b,864,144,4,direct,frets,0.1262340247631073,False,,0.3931225836277008,0.3117299675941467,,,,,0.1876512578994342,0.2111519360021649,0.1945726859568549,0.7488468563291335
uni_b,864,144,4,direct,patchmixer,0.0535546690225601,False,,0.260319709777832,0.1542034596204757,,,,,0.1357356491994163,0.1944341511520999,0.1387206759959868,0.6433196300102775
uni_b,864,144,4,direct,rlinear,0.0465167127549648,False,,0.2415946722030639,0.1529501229524612,,,,,0.1337619136770539,0.1898321727123912,0.1369259610119154,0.6595000248496595
uni_b,864,144,4,direct,tide,0.0466938018798828,False,,0.2415847182273864,0.1522936671972274,,,,,0.13326146866996,0.1907211575152424,0.1362904160620995,0.6506920184811449
uni_b,864,144,4,direct,patchtst,0.0469121858477592,False,,0.2516562044620514,0.1638206094503402,,,,,0.1162701322677183,0.1705842939623297,0.1190907310365778,0.6650138856095614
uni_b,864,144,4,direct,itransformer,0.0422866009175777,False,,0.2332537770271301,0.1461584120988845,,,,,0.103265148942028,0.1608223991533796,0.1052966076289376,0.6178962026050884
uni_b,864,144,4,direct,xpatch,0.0464491359889507,False,,0.2521511614322662,0.1607804149389267,,,,,0.0825912702058727,0.1383245994900898,0.083792004924474,0.5456850591651857
uni_b,864,144,4,direct,segrnn_thuml,0.0407759323716163,False,,0.2246361821889877,0.1431858837604522,,,,,0.0651531108448716,0.1153229667375224,0.0657928922891209,0.4490560985406346
uni_b,864,144,4,direct,tsmixer,1.6897655725479126,False,,1.1987723112106323,0.9688405990600586,,,,,0.0,0.0,0.0,0.0
multi,864,144,4,direct,xpatch,0.0362318567931652,False,,0.1864022761583328,0.1116307228803634,0.7153304373046973,0.7778356357714412,0.7168969502608261,0.1436593617074202,0.024205991209572,0.0465378814492312,0.0242712616066891,0.2692628650904033
multi,864,144,4,direct,segrnn_thuml,0.0340561866760253,False,,0.1814386397600174,0.1099142059683799,0.7132729591911343,0.7965173192044415,0.714236628106746,0.0938620767091801,0.017596286452335,0.0340282257015671,0.0176652653947429,0.3485519591141397
multi,864,144,4,direct,dlinear,0.0595697425305843,False,,0.2298520505428314,0.1511991024017334,0.679075635089694,0.6740673286532182,0.6833956331150238,0.3267410013642844,0.0460235572365487,0.0710468232639768,0.0477941516145424,0.8354224993637058
multi,864,144,4,direct,tide,0.0371718183159828,False,,0.1879616975784301,0.1113989874720573,0.6644641693308097,0.7319284811633289,0.6663768598827584,0.1805704042764316,0.0297978801892141,0.0551319780110116,0.0301196470642583,0.5941235059760956
multi,864,144,4,direct,rlinear,0.0371030680835247,False,,0.1877569258213043,0.111224427819252,0.6641076014541538,0.7325660717097026,0.6659916077508564,0.1784301384643049,0.0253626014818732,0.0475622388978318,0.0256109391601607,0.570565453137103
multi,864,144,4,direct,patchmixer,0.0403479859232902,False,,0.1984347403049469,0.1202177032828331,0.567943026419043,0.6914109431499829,0.5688455971928655,0.1085865796451152,0.0292476993478078,0.0546828626494446,0.0294913844874578,0.5310020570085219
multi,864,144,4,direct,itransformer,0.048468392342329,False,,0.2137188464403152,0.1262477487325668,0.3902558443920626,0.51146618522524,0.3919211586718172,0.245976021394445,3.844305300587315e-05,7.615016148541858e-05,5.543493324710121e-05,0.9767441860465116
multi,864,144,4,direct,patchtst,0.0498238205909729,False,,0.2267326116561889,0.1288836449384689,0.2057154526397875,0.3220571485247641,0.2065159671390343,0.2293435393312999,0.0,0.0,0.0,0.0
multi,864,144,4,direct,frets,0.0696314871311187,False,,0.2922582924365997,0.1661122739315033,0.1893537196945008,0.298084629765619,0.1902729042804635,0.2705426820749256,0.0001897098809331,0.0003754367260112,0.0002125005774472,0.9362880886426592
multi,864,144,4,direct,tsmixer,0.1600667536258697,False,,0.41193887591362,0.3010902404785156,0.0,0.0,0.0,0.0,0.0,0.0,0.0,0.0
uni_a,864,288,4,direct,dlinear,0.0889469757676124,False,,0.2490200102329254,0.1432652324438095,0.7649552336236441,0.7341344074330285,0.7713957413777823,0.289508645844084,,,,
uni_a,864,288,4,direct,segrnn_thuml,0.0766072198748588,False,,0.2203147411346435,0.1288878768682479,0.7311057101679549,0.7787281175850319,0.7339975694702647,0.1612734256780351,,,,
uni_a,864,288,4,direct,itransformer,0.0890081524848938,False,,0.2462841719388961,0.1423356533050537,0.6517232251132618,0.6918414496492241,0.6563387828404194,0.2555130470150107,,,,
uni_a,864,288,4,direct,xpatch,0.0816605463624,False,,0.2304411679506302,0.1318133771419525,0.6471685394498344,0.7132613458581649,0.6504539671318221,0.1977603923899073,,,,
uni_a,864,288,4,direct,tide,0.0925458520650863,False,,0.254461407661438,0.1387358158826828,0.6256560999236614,0.684727525587281,0.629635552965888,0.2357407725682745,,,,
uni_a,864,288,4,direct,rlinear,0.0926637947559356,False,,0.2551361322402954,0.1383680403232574,0.6185740203530756,0.6772763217369681,0.622679103861853,0.2434268584449227,,,,
uni_a,864,288,4,direct,patchmixer,0.1030084267258644,False,,0.2664729952812195,0.150957316160202,0.5910536948607417,0.6781833088918463,0.5939976305900401,0.1947704927087936,,,,
uni_a,864,288,4,direct,patchtst,0.1022054702043533,False,,0.264991819858551,0.141847163438797,0.5471059805336332,0.6224455354712545,0.5512372170536397,0.2678092784551333,,,,
uni_a,864,288,4,direct,frets,0.206231951713562,False,,0.4242534637451172,0.2661134898662567,0.2445576856195608,0.3820155834660615,0.2449741718015766,0.0766164951620334,,,,
uni_a,864,288,4,direct,tsmixer,0.1620878875255584,False,,0.3476568460464477,0.2325504869222641,0.1296951447469081,0.2260427425381401,0.1296951447469081,0.0,,,,
uni_b,864,288,4,direct,dlinear,1.210504174232483,False,,1.190450668334961,0.9342040419578552,,,,,0.2009125297673739,0.0571812233667986,0.2722950112703232,0.9552857785318588
uni_b,864,288,4,direct,patchtst,0.0559432543814182,False,,0.2872928082942962,0.1937799602746963,,,,,0.1362242412170067,0.1797189533508568,0.1407545559225882,0.7239871668570134
uni_b,864,288,4,direct,rlinear,0.055552888661623,False,,0.2785334885120392,0.1815594583749771,,,,,0.1077562547653492,0.1531756111188119,0.1112938864609406,0.7214842011570983
uni_b,864,288,4,direct,frets,0.1265584081411361,False,,0.411944180727005,0.3044687807559967,,,,,0.1026805041826366,0.1367911509660404,0.1074370795858211,0.7829897670993611
uni_b,864,288,4,direct,tide,0.0563532337546348,False,,0.2798865735530853,0.1820461004972458,,,,,0.1016342693608349,0.1475579631888126,0.104885140512255,0.7163869587170302
uni_b,864,288,4,direct,patchmixer,0.0837383717298507,False,,0.3124426007270813,0.1886743158102035,,,,,0.094838136725437,0.1328318058080824,0.0987898295891556,0.7652536777328791
uni_b,864,288,4,direct,xpatch,0.0508833900094032,False,,0.2716341316699981,0.1781031638383865,,,,,0.0899986577282816,0.1403362861557892,0.0922254775993989,0.6630443610610269
uni_b,864,288,4,direct,itransformer,0.0499632246792316,False,,0.2646941840648651,0.1724520176649093,,,,,0.0846286517710311,0.1299543420304661,0.0871638353777003,0.7032931277146359
uni_b,864,288,4,direct,segrnn_thuml,0.0479869022965431,False,,0.2516221404075622,0.1653114408254623,,,,,0.0277341131591642,0.0513765848696941,0.0282247129068542,0.5861877912850765
uni_b,864,288,4,direct,tsmixer,1.8187874555587769,False,,1.2410048246383667,1.0055317878723145,,,,,0.0,0.0,0.0,0.0
multi,864,288,4,direct,dlinear,0.0800268277525901,False,,0.252606987953186,0.1613329946994781,0.603951308575845,0.611323348729155,0.6089515236123815,0.3757852955055036,0.0343170593074118,0.0510961825963922,0.0366677304092618,0.8915384853455479
multi,864,288,4,direct,segrnn_thuml,0.0503741391003131,False,,0.2086101621389389,0.119735911488533,0.5678563919598614,0.6532135714439661,0.5701060270543494,0.224388466828214,0.0081552329888763,0.0159277156169471,0.0082187194282993,0.4976015350175887
multi,864,288,4,direct,tide,0.053628321737051,False,,0.2110072374343872,0.121613010764122,0.5210377791138693,0.5962098124343144,0.5240426274490926,0.2959696358484541,0.0171103118860027,0.0325957546551958,0.0173058713359735,0.5916553511912109
multi,864,288,4,direct,rlinear,0.0534509420394897,False,,0.2115745693445205,0.1215782091021537,0.4973802603189403,0.5775788751649884,0.5003550281615559,0.3035667173385931,0.0144205992496401,0.0277347670669169,0.0145593228319269,0.5498948730389779
multi,864,288,4,direct,patchmixer,0.0554486662149429,False,,0.2217471301555633,0.1293056309223175,0.39384630488791,0.510181648634185,0.3957811823039522,0.2638532911009882,0.0143609031787691,0.0275077749198733,0.0145331652271264,0.6031428571428571
multi,864,288,4,direct,xpatch,0.0567470714449882,False,,0.2293844670057296,0.1300886124372482,0.3005657454756679,0.4127367961331121,0.3025622201896693,0.3260461625070369,0.0004106470734596,0.0008137941007462,0.000418521676807,0.706959706959707
multi,864,288,4,direct,itransformer,0.0607383251190185,False,,0.2392512410879135,0.1363590359687805,0.222414193537476,0.3190150706587779,0.2246154864487556,0.418103448275862,0.0,0.0,0.0,0.0
multi,864,288,4,direct,patchtst,0.0663862153887748,False,,0.2595013678073883,0.1378924399614334,0.0463438025726527,0.0865611356110899,0.0464996630241178,0.1972679582402742,0.0,0.0,0.0,0.0
multi,864,288,4,direct,frets,0.0732069686055183,False,,0.2812932133674621,0.1532761752605438,0.0147289026267234,0.0283552782040912,0.014875078226544,0.4187632259581472,0.0,0.0,0.0,0.0
multi,864,288,4,direct,tsmixer,0.423173040151596,False,,0.6628594398498535,0.5161809921264648,0.0,0.0,0.0,0.0,0.0,0.0,0.0,0.0
uni_a,2016,144,4,direct,segrnn_thuml,0.0146472938358783,False,,0.188090294599533,0.0857595428824424,0.6635675192744583,0.7534900654380327,0.6664373042391681,0.1151302085236699,,,,
uni_a,2016,144,4,direct,itransformer,0.0270165167748928,False,,0.2576976120471954,0.1276762336492538,0.5062039133099207,0.5895766433233939,0.5126525489505293,0.2753995300561754,,,,
uni_a,2016,144,4,direct,rlinear,0.0886761546134948,False,,0.3533988296985626,0.1530030816793441,0.4910099727120971,0.5532651635039779,0.4998596301943709,0.3485051764587712,,,,
uni_a,2016,144,4,direct,patchmixer,0.0340501330792903,False,,0.2760606706142425,0.1305505186319351,0.4015858726230562,0.5432360714134945,0.4034778683606458,0.1241007624100762,,,,
uni_a,2016,144,4,direct,tide,0.0999084487557411,False,,0.3962010741233825,0.1700295805931091,0.2644413324386616,0.3651881576500438,0.2697247100400191,0.3717996384569033,,,,
uni_a,2016,144,4,direct,patchtst,0.0512530691921711,False,,0.3912735879421234,0.1871004402637481,0.18785786314772,0.3085731129752853,0.1879524173882408,0.0149727375010818,,,,
uni_a,2016,144,4,direct,tsmixer,0.0579779483377933,False,,0.3703437447547912,0.1524958461523056,0.1505404541963501,0.25198607154138,0.1510764437447361,0.0968177181031362,,,,
uni_a,2016,144,4,direct,frets,0.2057639956474304,False,,0.8865190744400024,0.4558627605438232,0.1292450589743956,0.1602426159194167,0.1443221789797592,0.7594127093370039,,,,
uni_a,2016,144,4,direct,dlinear,0.2811185419559479,False,,0.6790483593940735,0.3005847930908203,0.0857604077503866,0.102634525437142,0.1041543957767955,0.8421724333522405,,,,
uni_b,2016,144,4,direct,dlinear,1.3793761730194092,False,,1.1689512729644775,0.8650265336036682,,,,,0.1144455727433764,0.0232895549772743,0.2802984779450356,0.9687870309902008
uni_b,2016,144,4,direct,rlinear,0.0578472688794136,False,,0.3326543569564819,0.2308763265609741,,,,,0.1134803008303401,0.1676008874190108,0.117748180151673,0.6553259707873175
uni_b,2016,144,4,direct,tide,0.0545425899326801,False,,0.3389959037303924,0.2303251475095749,,,,,0.0787284320974703,0.1338026669585678,0.0802634881757399,0.5008042388116188
uni_b,2016,144,4,direct,frets,0.1267488896846771,False,,0.4543181657791137,0.3495612740516662,,,,,0.0753971895755452,0.088454265311133,0.0870636737736466,0.8754515778019587
uni_b,2016,144,4,direct,patchmixer,0.5197303295135498,False,,1.220295786857605,0.272411048412323,,,,,0.0646713621174454,0.0891412922740332,0.0716986011698753,0.8371655121184376
uni_b,2016,144,4,direct,itransformer,0.0405137427151203,False,,0.2764448225498199,0.186578631401062,,,,,0.0602518135041012,0.079694343617673,0.0685267025185027,0.8636528740503072
uni_b,2016,144,4,direct,patchtst,0.0411887429654598,False,,0.2894992232322693,0.19856758415699,,,,,0.0365330757969611,0.0589616773804188,0.0400480729004236,0.8215556685307575
uni_b,2016,144,4,direct,segrnn_thuml,0.0365978963673114,False,,0.2447192668914795,0.1570637226104736,,,,,0.0350142831482532,0.0651997289049791,0.0354081252329481,0.3684710351377018
uni_b,2016,144,4,direct,tsmixer,2.291370153427124,False,,1.1591200828552246,0.855869472026825,,,,,0.0,0.0,0.0,0.0
multi,2016,144,4,direct,segrnn_thuml,0.0266806688159704,False,,0.1699461638927459,0.0971679091453552,0.6888265108639195,0.791731334962363,0.6895438498699368,0.0630838172178742,0.0157176535603819,0.0303503305527511,0.0158011869436201,0.2672018348623853
multi,2016,144,4,direct,dlinear,0.0486700572073459,False,,0.2047784775495529,0.1225562691688537,0.6129216299673909,0.5850227492348797,0.620285209959123,0.4344972155758358,0.0136150533784287,0.0233729100779238,0.0156033630069238,0.8978468512222761
multi,2016,144,4,direct,tide,0.1331065744161605,False,,0.3415736556053161,0.2062744498252868,0.5560350125274041,0.5956431465684285,0.5607348569305091,0.3516917293233083,0.2971746767437538,0.0903919299046226,0.3735657764589515,0.9337949470824112
multi,2016,144,4,direct,rlinear,0.0903208255767822,False,,0.2903038263320923,0.1752130538225174,0.5404403118585845,0.5737515198001515,0.5456382385730212,0.3814050239612407,0.2129527457030834,0.0836957650122797,0.2689910979228486,0.9349347433397532
multi,2016,144,4,direct,patchmixer,0.0393551290035247,False,,0.1920935660600662,0.1120674163103103,0.2627441632105795,0.3747305712096509,0.2647250092902267,0.3262797020924459,0.0292797285971538,0.0527689053183942,0.030242334322453,0.6870522006141249
multi,2016,144,4,direct,frets,0.0845134556293487,False,,0.2902812063694,0.1825964152812957,0.0110913362548964,0.0208068556733373,0.011705685618729,0.7725631768953068,0.0079486765769955,0.0128220713998751,0.011102868447082,0.9514437114739916
multi,2016,144,4,direct,tsmixer,0.1741891950368881,False,,0.5358166098594666,0.3969652354717254,0.0,0.0,0.0,0.0,0.0,0.0,0.0,0.0
multi,2016,144,4,direct,patchtst,0.04434784501791,False,,0.2242126762866974,0.1171121373772621,0.0,0.0,0.0,0.0,0.0,0.0,0.0,0.0
multi,2016,144,4,direct,itransformer,0.0452248342335224,False,,0.2255481034517288,0.1308994442224502,0.0,0.0,0.0,0.0,0.0,0.0,0.0,0.0
uni_a,2016,288,4,direct,tide,0.0933076739311218,False,,0.3611190617084503,0.1533130705356598,0.5457316400969707,0.5797325742063065,0.5562511407191093,0.3669944855804679,,,,
uni_a,2016,288,4,direct,rlinear,0.1179240643978118,False,,0.3986810743808746,0.1634191274642944,0.5223394311433412,0.5486918334714606,0.5342915373851677,0.406807881174476,,,,
uni_a,2016,288,4,direct,segrnn_thuml,0.0235882885754108,False,,0.2538060545921325,0.1130623221397399,0.4863757125095176,0.5887402687272345,0.491245361075622,0.2330684953625652,,,,
uni_a,2016,288,4,direct,dlinear,0.1476612985134124,False,,0.4778226017951965,0.2802077233791351,0.3401654405311355,0.3614459041082576,0.3571637160065705,0.5933362195861114,,,,
uni_a,2016,288,4,direct,itransformer,0.0334832407534122,False,,0.315359890460968,0.1476914435625076,0.2752303940339264,0.4031882383088261,0.2773985520472106,0.1932981254920694,,,,
uni_a,2016,288,4,direct,patchmixer,0.1179457604885101,False,,0.5975708961486816,0.3207352757453918,0.2505470463870149,0.3115992690023502,0.2614254425990144,0.560572670331075,,,,
uni_a,2016,288,4,direct,tsmixer,0.0494181104004383,False,,0.3608332276344299,0.1491943299770355,0.1335257165810246,0.225828573979875,0.1342033217740463,0.1340412585628201,,,,
uni_a,2016,288,4,direct,frets,0.2854278683662414,False,,0.6578713655471802,0.414896696805954,0.1167895343029936,0.1835810403878225,0.1209283932591105,0.5120172832838239,,,,
uni_a,2016,288,4,direct,patchtst,0.0526608191430568,False,,0.421860784292221,0.1697655767202377,0.0331934051225892,0.0623508532390523,0.0331934051225892,0.0,,,,
uni_b,2016,288,4,direct,dlinear,0.2735176980495453,False,,0.619478702545166,0.4768910408020019,,,,,0.1185249717072371,0.0585169316010295,0.1736580838970067,0.9438086486066708
uni_b,2016,288,4,direct,patchtst,0.047588400542736,False,,0.3283246457576751,0.2276443392038345,,,,,0.0572248229351739,0.0884616198776091,0.0613607363288359,0.7809885497273065
uni_b,2016,288,4,direct,tide,0.0640217438340187,False,,0.3779778778553009,0.2612082958221435,,,,,0.0437376303962911,0.0720513615902744,0.0466165593987127,0.7656592467475015
uni_b,2016,288,4,direct,rlinear,0.0645859241485595,False,,0.3829419612884521,0.2618389129638672,,,,,0.0353034400127741,0.0609570315067546,0.0372844474133689,0.7375992342773493
uni_b,2016,288,4,direct,patchmixer,0.5899848341941833,False,,1.7162418365478516,0.6001682281494141,,,,,0.0313730345017319,0.024003507679281,0.0609527314327771,0.9625106406010894
uni_b,2016,288,4,direct,itransformer,0.0476673021912574,False,,0.3220992684364319,0.2193650156259536,,,,,0.0226798624602216,0.0310495050971426,0.0306163673964087,0.9320387487458156
uni_b,2016,288,4,direct,frets,0.1006404235959053,False,,0.4319336712360382,0.3063420951366424,,,,,0.0197941143210093,0.0340945309875942,0.0221162653951847,0.8474421941393963
uni_b,2016,288,4,direct,segrnn_thuml,0.0418874956667423,False,,0.2706589102745056,0.181145966053009,,,,,0.0168200455810179,0.0318008519222346,0.0172442069304831,0.5654671908073783
uni_b,2016,288,4,direct,tsmixer,1.39467191696167,False,,0.9725354909896852,0.8077937364578247,,,,,0.0,0.0,0.0,0.0
multi,2016,288,4,direct,segrnn_thuml,0.0383899621665477,False,,0.2001979798078537,0.1106487661600112,0.429415848268928,0.5194134225081175,0.4329110261942934,0.3316522127517028,0.0180060624336338,0.0331619286411308,0.0187984802912775,0.7395357338694937
multi,2016,288,4,direct,tide,0.0937672927975654,False,,0.3167414367198944,0.1946044564247131,0.3636338512237791,0.4897055803788849,0.3654423375965862,0.23322457444925,0.2658189980856058,0.0820573433738562,0.343068967336816,0.9381451635920806
multi,2016,288,4,direct,dlinear,0.0705527365207672,False,,0.233882799744606,0.1418682187795639,0.3495867582076694,0.4279608689313858,0.3540388393987246,0.4359516036105243,0.0252209709068587,0.0351911124889448,0.0310669621655849,0.926872438206434
multi,2016,288,4,direct,rlinear,0.0768985971808433,False,,0.2910259664058685,0.1777571886777877,0.3065571309647328,0.4464377991118123,0.3074604915799752,0.152962274176408,0.2075442200817896,0.076374824782137,0.2701440557226531,0.9397893597878308
multi,2016,288,4,direct,patchmixer,0.0886636450886726,False,,0.2923020720481872,0.1899900585412979,0.0343976189739985,0.0651231538381144,0.0344998011017756,0.1540053207212533,0.0225886271290719,0.0332139100402066,0.0273864176032927,0.92187558800286
multi,2016,288,4,direct,frets,0.0945039391517639,False,,0.302009254693985,0.1954934448003769,0.0185072023606953,0.0351590616600784,0.0188049230324143,0.49317738791423,0.0121298418878276,0.0165872760547137,0.0186006015513693,0.9590699294609424
multi,2016,288,4,direct,itransformer,0.0499338619410991,False,,0.2280798703432083,0.1305562853813171,0.0007714840218426,0.0015171327398993,0.0007714840218426,0.0,0.0003536948713046,0.0006484618421036,0.0014774945913144,0.9808547008547008
multi,2016,288,4,direct,tsmixer,0.2813840508460998,False,,0.6707730293273926,0.4739668667316437,0.0,0.0,0.0,0.0,0.0,0.0,0.0,0.0
multi,2016,288,4,direct,patchtst,0.0640726089477539,False,,0.2625209391117096,0.1532340943813324,0.0,0.0,0.0,0.0,0.0,0.0,0.0,0.0
